0000000000d998d0 0000000000000001 b completed.0
000000000002f6bc 0000000000000002 d __swift_reflection_version
000000000001ad18 0000000000000003 r symbolic SS
000000000001acb0 0000000000000003 r symbolic Sb
000000000001aca6 0000000000000003 r symbolic Sd
000000000001acdc 0000000000000003 r symbolic Si
000000000002f5fc 0000000000000004 D $s22AstronomyVSOPPrototype19GeneratedVSOPSeriesV10coordinateSivpMV
000000000002f5fc 0000000000000004 D $s22AstronomyVSOPPrototype19GeneratedVSOPSeriesV4bodySivpMV
000000000002f5fc 0000000000000004 D $s22AstronomyVSOPPrototype19GeneratedVSOPSeriesV5countSivpMV
000000000002f5fc 0000000000000004 D $s22AstronomyVSOPPrototype19GeneratedVSOPSeriesV5powerSivpMV
000000000002f5fc 0000000000000004 D $s22AstronomyVSOPPrototype19GeneratedVSOPSeriesV6offsetSivpMV
000000000002f5fc 0000000000000004 D $s23AstronomyModelPrototype0C4BodyO8allCasesSayACGvpZMV
000000000002f5fc 0000000000000004 D $s23AstronomyModelPrototype0C4BodyO8rawValueSivpMV
000000000002f5fc 0000000000000004 D $s23AstronomyModelPrototype0cB4DataO10vsopSeriesSayAA18VSOPSeriesMetadataVGvpZMV
000000000002f5fc 0000000000000004 D $s23AstronomyModelPrototype0cB4DataO13vsopTermCountSivpZMV
000000000002f5fc 0000000000000004 D $s23AstronomyModelPrototype0cB4DataO16nutationRowCountSivpZMV
000000000002f5fc 0000000000000004 D $s23AstronomyModelPrototype0cB4DataO18polynomialMetadataSayAA010PolynomialF0VGvpZMV
000000000002f5fc 0000000000000004 D $s23AstronomyModelPrototype0cB4DataO30disabledPolynomialSegmentCountSivpZMV
000000000002f5fc 0000000000000004 D $s23AstronomyModelPrototype10PilotEarthV12usedFallbackSbvpMV
000000000002f5fc 0000000000000004 D $s23AstronomyModelPrototype10PilotEarthV6vectorAA0D6VectorVvpMV
000000000002f5fc 0000000000000004 D $s23AstronomyModelPrototype10PilotEarthV7segmentSiSgvpMV
000000000002f5fc 0000000000000004 D $s23AstronomyModelPrototype10PilotErrorO9hashValueSivpMV
000000000002f5fc 0000000000000004 D $s23AstronomyModelPrototype11NutationRowV11multipliersSays5Int64VGvpMV
000000000002f5fc 0000000000000004 D $s23AstronomyModelPrototype11NutationRowV15coefficientBitsSays6UInt64VGvpMV
000000000002f5fc 0000000000000004 D $s23AstronomyModelPrototype11PilotDeltaTO8allCasesSayACGvpZMV
000000000002f5fc 0000000000000004 D $s23AstronomyModelPrototype11PilotDeltaTO8rawValueSSvpMV
000000000002f5fc 0000000000000004 D $s23AstronomyModelPrototype11PilotVectorV1xSdvpMV
000000000002f5fc 0000000000000004 D $s23AstronomyModelPrototype11PilotVectorV1ySdvpMV
000000000002f5fc 0000000000000004 D $s23AstronomyModelPrototype11PilotVectorV1zSdvpMV
000000000002f5fc 0000000000000004 D $s23AstronomyModelPrototype13PilotObserverV6heightSdvpMV
000000000002f5fc 0000000000000004 D $s23AstronomyModelPrototype13PilotObserverV8latitudeSdvpMV
000000000002f5fc 0000000000000004 D $s23AstronomyModelPrototype13PilotObserverV9longitudeSdvpMV
000000000002f5fc 0000000000000004 D $s23AstronomyModelPrototype16PilotObservationV10geocentricAA0D6VectorVvpMV
000000000002f5fc 0000000000000004 D $s23AstronomyModelPrototype16PilotObservationV10iterationsSivpMV
000000000002f5fc 0000000000000004 D $s23AstronomyModelPrototype16PilotObservationV11declinationSdvpMV
000000000002f5fc 0000000000000004 D $s23AstronomyModelPrototype16PilotObservationV14rightAscensionSdvpMV
000000000002f5fc 0000000000000004 D $s23AstronomyModelPrototype16PilotObservationV19fallbackEvaluationsSivpMV
000000000002f5fc 0000000000000004 D $s23AstronomyModelPrototype16PilotObservationV8altitudeSdvpMV
000000000002f5fc 0000000000000004 D $s23AstronomyModelPrototype16PilotObservationV8distanceSdvpMV
000000000002f5fc 0000000000000004 D $s23AstronomyModelPrototype18PolynomialMetadataV14validitySHA256SSvpMV
000000000002f5fc 0000000000000004 D $s23AstronomyModelPrototype18PolynomialMetadataV16coefficientCountSivpMV
000000000002f5fc 0000000000000004 D $s23AstronomyModelPrototype18PolynomialMetadataV17coefficientSHA256SSvpMV
000000000002f5fc 0000000000000004 D $s23AstronomyModelPrototype18PolynomialMetadataV4nameSSvpMV
000000000002f5fc 0000000000000004 D $s23AstronomyModelPrototype18PolynomialMetadataV5widthSivpMV
000000000002f5fc 0000000000000004 D $s23AstronomyModelPrototype18PolynomialMetadataV6degreeSivpMV
000000000002f5fc 0000000000000004 D $s23AstronomyModelPrototype18PolynomialMetadataV6stopTTSdvpMV
000000000002f5fc 0000000000000004 D $s23AstronomyModelPrototype18PolynomialMetadataV7startTTSdvpMV
000000000002f5fc 0000000000000004 D $s23AstronomyModelPrototype18PolynomialMetadataV8segmentsSivpMV
000000000002f5fc 0000000000000004 D $s23AstronomyModelPrototype18VSOPSeriesMetadataV10coordinateSivpMV
000000000002f5fc 0000000000000004 D $s23AstronomyModelPrototype18VSOPSeriesMetadataV4bodySivpMV
000000000002f5fc 0000000000000004 D $s23AstronomyModelPrototype18VSOPSeriesMetadataV5countSivpMV
000000000002f5fc 0000000000000004 D $s23AstronomyModelPrototype18VSOPSeriesMetadataV5powerSivpMV
000000000002f5fc 0000000000000004 D $s23AstronomyModelPrototype18VSOPSeriesMetadataV6offsetSivpMV
000000000002f5fc 0000000000000004 D $s23AstronomyModelPrototype9PilotTimeV2ttSdvpMV
000000000002f5fc 0000000000000004 D $s23AstronomyModelPrototype9PilotTimeV2utSdvpMV
000000000002f5fc 0000000000000004 D $s23AstronomyModelPrototype9PilotTimeV5modelAA0D6DeltaTOvpMV
000000000002f5fc 0000000000000004 D $s32AstronomyModelPrototypeGenerated0D18PolynomialMetadataV14validitySHA256SSvpMV
000000000002f5fc 0000000000000004 D $s32AstronomyModelPrototypeGenerated0D18PolynomialMetadataV16coefficientCountSivpMV
000000000002f5fc 0000000000000004 D $s32AstronomyModelPrototypeGenerated0D18PolynomialMetadataV17coefficientSHA256SSvpMV
000000000002f5fc 0000000000000004 D $s32AstronomyModelPrototypeGenerated0D18PolynomialMetadataV4nameSSvpMV
000000000002f5fc 0000000000000004 D $s32AstronomyModelPrototypeGenerated0D18PolynomialMetadataV5widthSivpMV
000000000002f5fc 0000000000000004 D $s32AstronomyModelPrototypeGenerated0D18PolynomialMetadataV6degreeSivpMV
000000000002f5fc 0000000000000004 D $s32AstronomyModelPrototypeGenerated0D18PolynomialMetadataV6stopTTSdvpMV
000000000002f5fc 0000000000000004 D $s32AstronomyModelPrototypeGenerated0D18PolynomialMetadataV7startTTSdvpMV
000000000002f5fc 0000000000000004 D $s32AstronomyModelPrototypeGenerated0D18PolynomialMetadataV8segmentsSivpMV
000000000001ace6 0000000000000005 r symbolic $sSY
000000000001afb0 0000000000000005 r symbolic SbSg
000000000001afaa 0000000000000005 r symbolic SdSg
000000000001acb4 0000000000000005 r symbolic SiSg
0000000000007f00 0000000000000006 t $s23AstronomyModelPrototype0C4BodyOwup
000000000000b040 0000000000000006 t $s23AstronomyModelPrototype10PilotErrorOwup
000000000000ae30 0000000000000006 t $s23AstronomyModelPrototype11PilotDeltaTOwup
00000000000073b0 0000000000000006 T $s23AstronomyModelPrototype11PilotVectorV1xSdvg
000000000000c4d0 0000000000000006 T $s23AstronomyModelPrototype13PilotObserverV8latitude9longitude6heightACSd_S2dtcfC
000000000000c4a0 0000000000000006 T $s23AstronomyModelPrototype13PilotObserverV8latitudeSdvg
000000000000b1b0 0000000000000006 T $s23AstronomyModelPrototype9PilotTimeV2utSdvg
0000000000019220 0000000000000006 t $s23AstronomySunPilotRunner0D0V8WorkloadV10CodingKeys33_0FF2CF0140E46AF66BC1C95760497CEBLLOwup
0000000000019380 0000000000000006 t $s23AstronomySunPilotRunner6SampleV10CodingKeys33_0FF2CF0140E46AF66BC1C95760497CEBLLOwup
00000000000071c0 0000000000000006 t __swift_noop_void_return
000000000001b02e 0000000000000006 r symbolic _____ 22AstronomyVSOPPrototype19GeneratedVSOPSeriesV
000000000001ace0 0000000000000006 r symbolic _____ 23AstronomyModelPrototype0C4BodyO
000000000001ad40 0000000000000006 r symbolic _____ 23AstronomyModelPrototype0cB4DataO
000000000001acaa 0000000000000006 r symbolic _____ 23AstronomyModelPrototype10PilotEarthV
000000000001ade8 0000000000000006 r symbolic _____ 23AstronomyModelPrototype10PilotErrorO
000000000001ad26 0000000000000006 r symbolic _____ 23AstronomyModelPrototype11NutationRowV
000000000001ada4 0000000000000006 r symbolic _____ 23AstronomyModelPrototype11PilotDeltaTO
000000000001ad5e 0000000000000006 r symbolic _____ 23AstronomyModelPrototype11PilotMatrixV
000000000001aca0 0000000000000006 r symbolic _____ 23AstronomyModelPrototype11PilotVectorV
000000000001adee 0000000000000006 r symbolic _____ 23AstronomyModelPrototype13PilotObserverV
000000000001ae08 0000000000000006 r symbolic _____ 23AstronomyModelPrototype14PilotEvaluatorV
000000000001adf8 0000000000000006 r symbolic _____ 23AstronomyModelPrototype16PilotObservationV
000000000001ad54 0000000000000006 r symbolic _____ 23AstronomyModelPrototype16PilotOrientationV
000000000001ad6e 0000000000000006 r symbolic _____ 23AstronomyModelPrototype16PilotOrientationV4TermV
000000000001ad12 0000000000000006 r symbolic _____ 23AstronomyModelPrototype18PolynomialMetadataV
000000000001ad20 0000000000000006 r symbolic _____ 23AstronomyModelPrototype18VSOPSeriesMetadataV
000000000001acba 0000000000000006 r symbolic _____ 23AstronomyModelPrototype8SunPilotO
000000000001acc0 0000000000000006 r symbolic _____ 23AstronomyModelPrototype8SunPilotO4TermV
000000000001adde 0000000000000006 r symbolic _____ 23AstronomyModelPrototype9PilotTimeV
000000000001afd0 0000000000000006 r symbolic _____ 23AstronomySunPilotRunner0D0V
000000000001afbc 0000000000000006 r symbolic _____ 23AstronomySunPilotRunner0D0V8WorkloadV
000000000001aff8 0000000000000006 r symbolic _____ 23AstronomySunPilotRunner0D0V8WorkloadV10CodingKeys33_0FF2CF0140E46AF66BC1C95760497CEBLLO
000000000001afa0 0000000000000006 r symbolic _____ 23AstronomySunPilotRunner6SampleV
000000000001aff2 0000000000000006 r symbolic _____ 23AstronomySunPilotRunner6SampleV10CodingKeys33_0FF2CF0140E46AF66BC1C95760497CEBLLO
000000000001aeaa 0000000000000006 r symbolic _____ 32AstronomyModelPrototypeGenerated0D18PolynomialMetadataV
000000000001afc6 0000000000000006 r symbolic _____ s6UInt64V
00000000000144e0 0000000000000007 t $s23AstronomySunPilotRunner0D0V8WorkloadV10CodingKeys33_0FF2CF0140E46AF66BC1C95760497CEBLLOSHAASH13_rawHashValue4seedS2i_tFTW
0000000000014470 0000000000000007 t $s23AstronomySunPilotRunner0D0V8WorkloadV10CodingKeys33_0FF2CF0140E46AF66BC1C95760497CEBLLOSHAASH9hashValueSivgTW
00000000000193e0 0000000000000007 t $s23AstronomySunPilotRunner0D0V8WorkloadV10CodingKeys33_0FF2CF0140E46AF66BC1C95760497CEBLLOSHAASQWb
0000000000019460 0000000000000007 t $s23AstronomySunPilotRunner0D0V8WorkloadV10CodingKeys33_0FF2CF0140E46AF66BC1C95760497CEBLLOs0F3KeyAAs23CustomStringConvertiblePWb
0000000000019420 0000000000000007 t $s23AstronomySunPilotRunner0D0V8WorkloadV10CodingKeys33_0FF2CF0140E46AF66BC1C95760497CEBLLOs0F3KeyAAs28CustomDebugStringConvertiblePWb
00000000000193a0 0000000000000007 t $s23AstronomySunPilotRunner6SampleV10CodingKeys33_0FF2CF0140E46AF66BC1C95760497CEBLLOSHAASQWb
00000000000194e0 0000000000000007 t $s23AstronomySunPilotRunner6SampleV10CodingKeys33_0FF2CF0140E46AF66BC1C95760497CEBLLOs0F3KeyAAs23CustomStringConvertiblePWb
00000000000194a0 0000000000000007 t $s23AstronomySunPilotRunner6SampleV10CodingKeys33_0FF2CF0140E46AF66BC1C95760497CEBLLOs0F3KeyAAs28CustomDebugStringConvertiblePWb
000000000001acd4 0000000000000007 r associated conformance 23AstronomyModelPrototype0C4BodyOSHAASQ
000000000001acf6 0000000000000007 r associated conformance 23AstronomyModelPrototype0C4BodyOs12CaseIterableAA8AllCasessADP_Sl
000000000001add6 0000000000000007 r associated conformance 23AstronomyModelPrototype10PilotErrorOSHAASQ
000000000001ad98 0000000000000007 r associated conformance 23AstronomyModelPrototype11PilotDeltaTOSHAASQ
000000000001adba 0000000000000007 r associated conformance 23AstronomyModelPrototype11PilotDeltaTOs12CaseIterableAA8AllCasessADP_Sl
000000000001b006 0000000000000007 r associated conformance 23AstronomySunPilotRunner0D0V8WorkloadV10CodingKeys33_0FF2CF0140E46AF66BC1C95760497CEBLLOSHAASQ
000000000001b016 0000000000000007 r associated conformance 23AstronomySunPilotRunner0D0V8WorkloadV10CodingKeys33_0FF2CF0140E46AF66BC1C95760497CEBLLOs0F3KeyAAs23CustomStringConvertible
000000000001b00e 0000000000000007 r associated conformance 23AstronomySunPilotRunner0D0V8WorkloadV10CodingKeys33_0FF2CF0140E46AF66BC1C95760497CEBLLOs0F3KeyAAs28CustomDebugStringConvertible
000000000001affe 0000000000000007 r associated conformance 23AstronomySunPilotRunner6SampleV10CodingKeys33_0FF2CF0140E46AF66BC1C95760497CEBLLOSHAASQ
000000000001b026 0000000000000007 r associated conformance 23AstronomySunPilotRunner6SampleV10CodingKeys33_0FF2CF0140E46AF66BC1C95760497CEBLLOs0F3KeyAAs23CustomStringConvertible
000000000001b01e 0000000000000007 r associated conformance 23AstronomySunPilotRunner6SampleV10CodingKeys33_0FF2CF0140E46AF66BC1C95760497CEBLLOs0F3KeyAAs28CustomDebugStringConvertible
000000000001ad74 0000000000000007 r symbolic SaySdG
000000000002da00 0000000000000008 d $s20FoundationEssentials15ContiguousBytes_pMD
000000000002da08 0000000000000008 d $s20FoundationEssentials15ContiguousBytes_pSgMD
0000000000d9ad28 0000000000000008 b $s22AstronomyVSOPPrototype13vsopTermBits0Says6UInt64VGvp
0000000000d9ad20 0000000000000008 b $s22AstronomyVSOPPrototype13vsopTermBits0_Wz
0000000000d9ad68 0000000000000008 b $s22AstronomyVSOPPrototype13vsopTermBits1Says6UInt64VGvp
0000000000d9ad30 0000000000000008 b $s22AstronomyVSOPPrototype13vsopTermBits1_Wz
0000000000d9ad70 0000000000000008 b $s22AstronomyVSOPPrototype13vsopTermBits2Says6UInt64VGvp
0000000000d9ad38 0000000000000008 b $s22AstronomyVSOPPrototype13vsopTermBits2_Wz
0000000000d9ad78 0000000000000008 b $s22AstronomyVSOPPrototype13vsopTermBits3Says6UInt64VGvp
0000000000d9ad40 0000000000000008 b $s22AstronomyVSOPPrototype13vsopTermBits3_Wz
0000000000d9ad80 0000000000000008 b $s22AstronomyVSOPPrototype13vsopTermBits4Says6UInt64VGvp
0000000000d9ad48 0000000000000008 b $s22AstronomyVSOPPrototype13vsopTermBits4_Wz
0000000000d9ad88 0000000000000008 b $s22AstronomyVSOPPrototype13vsopTermBits5Says6UInt64VGvp
0000000000d9ad50 0000000000000008 b $s22AstronomyVSOPPrototype13vsopTermBits5_Wz
0000000000d9ad90 0000000000000008 b $s22AstronomyVSOPPrototype13vsopTermBits6Says6UInt64VGvp
0000000000d9ad58 0000000000000008 b $s22AstronomyVSOPPrototype13vsopTermBits6_Wz
0000000000d9ad98 0000000000000008 B $s22AstronomyVSOPPrototype19generatedVSOPSeriesSayAA09GeneratedD0VGvp
0000000000d9ad60 0000000000000008 b $s22AstronomyVSOPPrototype19generatedVSOPSeries_Wz
0000000000d998a8 0000000000000008 D $s22AstronomyVSOPPrototype22generatedVSOPTermCountSivp
0000000000d99af0 0000000000000008 b $s23AstronomyModelPrototype0C4BodyOACSQAAWL
0000000000d99ec0 0000000000000008 b $s23AstronomyModelPrototype10PilotErrorOACSQAAWL
0000000000d99a68 0000000000000008 b $s23AstronomyModelPrototype10PilotErrorOACs0E0AAWL
0000000000d99d20 0000000000000008 b $s23AstronomyModelPrototype11PilotDeltaTOACSQAAWL
0000000000d99c90 0000000000000008 b $s23AstronomyModelPrototype16PilotOrientationV4rowsSayAC4TermVGvpZ
0000000000d99a60 0000000000000008 b $s23AstronomyModelPrototype16PilotOrientationV4rows_Wz
0000000000d99a58 0000000000000008 b $s23AstronomyModelPrototype8SunPilotO11earthSeriesSaySaySayAC4TermVGGGvpZ
0000000000d99a50 0000000000000008 b $s23AstronomyModelPrototype8SunPilotO11earthSeries_Wz
0000000000d999e8 0000000000000008 b $s23AstronomyModelPrototype8SunPilotO13earthMetadata_Wz
0000000000d9aaf0 0000000000000008 b $s23AstronomySunPilotRunner0D0V8WorkloadV10CodingKeys33_0FF2CF0140E46AF66BC1C95760497CEBLLOAHSQAAWL
0000000000d9a7d8 0000000000000008 b $s23AstronomySunPilotRunner0D0V8WorkloadV10CodingKeys33_0FF2CF0140E46AF66BC1C95760497CEBLLOAHs0F3KeyAAWL
0000000000d9ac08 0000000000000008 b $s23AstronomySunPilotRunner0D0V8WorkloadV10CodingKeys33_0FF2CF0140E46AF66BC1C95760497CEBLLOAHs23CustomStringConvertibleAAWL
0000000000d9ac00 0000000000000008 b $s23AstronomySunPilotRunner0D0V8WorkloadV10CodingKeys33_0FF2CF0140E46AF66BC1C95760497CEBLLOAHs28CustomDebugStringConvertibleAAWL
0000000000cae6f4 0000000000000008 d $s23AstronomySunPilotRunner0D0V8WorkloadV10CodingKeys33_0FF2CF0140E46AF66BC1C95760497CEBLLOMXX
0000000000d9a6b8 0000000000000008 b $s23AstronomySunPilotRunner0D0V8WorkloadVAESEAAWL
0000000000d9a8e0 0000000000000008 b $s23AstronomySunPilotRunner6SampleV10CodingKeys33_0FF2CF0140E46AF66BC1C95760497CEBLLOAFSQAAWL
0000000000d9a7d0 0000000000000008 b $s23AstronomySunPilotRunner6SampleV10CodingKeys33_0FF2CF0140E46AF66BC1C95760497CEBLLOAFs0F3KeyAAWL
0000000000d9ac98 0000000000000008 b $s23AstronomySunPilotRunner6SampleV10CodingKeys33_0FF2CF0140E46AF66BC1C95760497CEBLLOAFs23CustomStringConvertibleAAWL
0000000000d9ac90 0000000000000008 b $s23AstronomySunPilotRunner6SampleV10CodingKeys33_0FF2CF0140E46AF66BC1C95760497CEBLLOAFs28CustomDebugStringConvertibleAAWL
0000000000cae724 0000000000000008 d $s23AstronomySunPilotRunner6SampleV10CodingKeys33_0FF2CF0140E46AF66BC1C95760497CEBLLOMXX
0000000000d9a6a8 0000000000000008 b $s23AstronomySunPilotRunner6SampleVACSEAAWL
0000000000d9a070 0000000000000008 B $s26AstronomyNutationPrototype19nutationIntegerBitsSays6UInt64VGvp
0000000000d9a060 0000000000000008 b $s26AstronomyNutationPrototype19nutationIntegerBits_Wz
0000000000d9a078 0000000000000008 B $s26AstronomyNutationPrototype23nutationCoefficientBitsSays6UInt64VGvp
0000000000d9a068 0000000000000008 b $s26AstronomyNutationPrototype23nutationCoefficientBits_Wz
0000000000d9a058 0000000000000008 B $s32AstronomyModelPrototypeGenerated27generatedPolynomialMetadataSayAA0dfG0VGvp
0000000000d9a050 0000000000000008 b $s32AstronomyModelPrototypeGenerated27generatedPolynomialMetadata_Wz
0000000000d9a2a0 0000000000000008 b $s32AstronomyPolynomialMarsPrototype010polynomialC5Bits0Says6UInt64VGvp
0000000000d9a268 0000000000000008 b $s32AstronomyPolynomialMarsPrototype010polynomialC5Bits0_Wz
0000000000d9a2a8 0000000000000008 b $s32AstronomyPolynomialMarsPrototype010polynomialC5Bits1Says6UInt64VGvp
0000000000d9a270 0000000000000008 b $s32AstronomyPolynomialMarsPrototype010polynomialC5Bits1_Wz
0000000000d9a2b0 0000000000000008 b $s32AstronomyPolynomialMarsPrototype010polynomialC5Bits2Says6UInt64VGvp
0000000000d9a278 0000000000000008 b $s32AstronomyPolynomialMarsPrototype010polynomialC5Bits2_Wz
0000000000d9a2b8 0000000000000008 b $s32AstronomyPolynomialMarsPrototype010polynomialC5Bits3Says6UInt64VGvp
0000000000d9a280 0000000000000008 b $s32AstronomyPolynomialMarsPrototype010polynomialC5Bits3_Wz
0000000000d9a2c0 0000000000000008 b $s32AstronomyPolynomialMarsPrototype010polynomialC5Bits4Says6UInt64VGvp
0000000000d9a288 0000000000000008 b $s32AstronomyPolynomialMarsPrototype010polynomialC5Bits4_Wz
0000000000d9a2c8 0000000000000008 b $s32AstronomyPolynomialMarsPrototype010polynomialC5Bits5Says6UInt64VGvp
0000000000d9a290 0000000000000008 b $s32AstronomyPolynomialMarsPrototype010polynomialC5Bits5_Wz
0000000000d9a298 0000000000000008 B $s32AstronomyPolynomialMarsPrototype010polynomialC8ValiditySays5UInt8VGvp
0000000000d9a260 0000000000000008 b $s32AstronomyPolynomialMarsPrototype010polynomialC8Validity_Wz
0000000000d9a140 0000000000000008 b $s33AstronomyPolynomialEarthPrototype010polynomialC5Bits0Says6UInt64VGvp
0000000000d9a088 0000000000000008 b $s33AstronomyPolynomialEarthPrototype010polynomialC5Bits0_Wz
0000000000d9a148 0000000000000008 b $s33AstronomyPolynomialEarthPrototype010polynomialC5Bits1Says6UInt64VGvp
0000000000d9a090 0000000000000008 b $s33AstronomyPolynomialEarthPrototype010polynomialC5Bits1_Wz
0000000000d9a1a0 0000000000000008 b $s33AstronomyPolynomialEarthPrototype010polynomialC5Bits2Says6UInt64VGvp
0000000000d9a0e8 0000000000000008 b $s33AstronomyPolynomialEarthPrototype010polynomialC5Bits2_Wz
0000000000d9a1b8 0000000000000008 b $s33AstronomyPolynomialEarthPrototype010polynomialC5Bits3Says6UInt64VGvp
0000000000d9a100 0000000000000008 b $s33AstronomyPolynomialEarthPrototype010polynomialC5Bits3_Wz
0000000000d9a1c0 0000000000000008 b $s33AstronomyPolynomialEarthPrototype010polynomialC5Bits4Says6UInt64VGvp
0000000000d9a108 0000000000000008 b $s33AstronomyPolynomialEarthPrototype010polynomialC5Bits4_Wz
0000000000d9a1c8 0000000000000008 b $s33AstronomyPolynomialEarthPrototype010polynomialC5Bits5Says6UInt64VGvp
0000000000d9a110 0000000000000008 b $s33AstronomyPolynomialEarthPrototype010polynomialC5Bits5_Wz
0000000000d9a1d0 0000000000000008 b $s33AstronomyPolynomialEarthPrototype010polynomialC5Bits6Says6UInt64VGvp
0000000000d9a118 0000000000000008 b $s33AstronomyPolynomialEarthPrototype010polynomialC5Bits6_Wz
0000000000d9a1d8 0000000000000008 b $s33AstronomyPolynomialEarthPrototype010polynomialC5Bits7Says6UInt64VGvp
0000000000d9a120 0000000000000008 b $s33AstronomyPolynomialEarthPrototype010polynomialC5Bits7_Wz
0000000000d9a1e0 0000000000000008 b $s33AstronomyPolynomialEarthPrototype010polynomialC5Bits8Says6UInt64VGvp
0000000000d9a128 0000000000000008 b $s33AstronomyPolynomialEarthPrototype010polynomialC5Bits8_Wz
0000000000d9a1e8 0000000000000008 b $s33AstronomyPolynomialEarthPrototype010polynomialC5Bits9Says6UInt64VGvp
0000000000d9a130 0000000000000008 b $s33AstronomyPolynomialEarthPrototype010polynomialC5Bits9_Wz
0000000000d9a150 0000000000000008 b $s33AstronomyPolynomialEarthPrototype010polynomialC6Bits10Says6UInt64VGvp
0000000000d9a098 0000000000000008 b $s33AstronomyPolynomialEarthPrototype010polynomialC6Bits10_Wz
0000000000d9a158 0000000000000008 b $s33AstronomyPolynomialEarthPrototype010polynomialC6Bits11Says6UInt64VGvp
0000000000d9a0a0 0000000000000008 b $s33AstronomyPolynomialEarthPrototype010polynomialC6Bits11_Wz
0000000000d9a160 0000000000000008 b $s33AstronomyPolynomialEarthPrototype010polynomialC6Bits12Says6UInt64VGvp
0000000000d9a0a8 0000000000000008 b $s33AstronomyPolynomialEarthPrototype010polynomialC6Bits12_Wz
0000000000d9a168 0000000000000008 b $s33AstronomyPolynomialEarthPrototype010polynomialC6Bits13Says6UInt64VGvp
0000000000d9a0b0 0000000000000008 b $s33AstronomyPolynomialEarthPrototype010polynomialC6Bits13_Wz
0000000000d9a170 0000000000000008 b $s33AstronomyPolynomialEarthPrototype010polynomialC6Bits14Says6UInt64VGvp
0000000000d9a0b8 0000000000000008 b $s33AstronomyPolynomialEarthPrototype010polynomialC6Bits14_Wz
0000000000d9a178 0000000000000008 b $s33AstronomyPolynomialEarthPrototype010polynomialC6Bits15Says6UInt64VGvp
0000000000d9a0c0 0000000000000008 b $s33AstronomyPolynomialEarthPrototype010polynomialC6Bits15_Wz
0000000000d9a180 0000000000000008 b $s33AstronomyPolynomialEarthPrototype010polynomialC6Bits16Says6UInt64VGvp
0000000000d9a0c8 0000000000000008 b $s33AstronomyPolynomialEarthPrototype010polynomialC6Bits16_Wz
0000000000d9a188 0000000000000008 b $s33AstronomyPolynomialEarthPrototype010polynomialC6Bits17Says6UInt64VGvp
0000000000d9a0d0 0000000000000008 b $s33AstronomyPolynomialEarthPrototype010polynomialC6Bits17_Wz
0000000000d9a190 0000000000000008 b $s33AstronomyPolynomialEarthPrototype010polynomialC6Bits18Says6UInt64VGvp
0000000000d9a0d8 0000000000000008 b $s33AstronomyPolynomialEarthPrototype010polynomialC6Bits18_Wz
0000000000d9a198 0000000000000008 b $s33AstronomyPolynomialEarthPrototype010polynomialC6Bits19Says6UInt64VGvp
0000000000d9a0e0 0000000000000008 b $s33AstronomyPolynomialEarthPrototype010polynomialC6Bits19_Wz
0000000000d9a1a8 0000000000000008 b $s33AstronomyPolynomialEarthPrototype010polynomialC6Bits20Says6UInt64VGvp
0000000000d9a0f0 0000000000000008 b $s33AstronomyPolynomialEarthPrototype010polynomialC6Bits20_Wz
0000000000d9a1b0 0000000000000008 b $s33AstronomyPolynomialEarthPrototype010polynomialC6Bits21Says6UInt64VGvp
0000000000d9a0f8 0000000000000008 b $s33AstronomyPolynomialEarthPrototype010polynomialC6Bits21_Wz
0000000000d9a138 0000000000000008 B $s33AstronomyPolynomialEarthPrototype010polynomialC8ValiditySays5UInt8VGvp
0000000000d9a080 0000000000000008 b $s33AstronomyPolynomialEarthPrototype010polynomialC8Validity_Wz
0000000000d9a670 0000000000000008 b $s33AstronomyPolynomialVenusPrototype010polynomialC5Bits0Says6UInt64VGvp
0000000000d9a638 0000000000000008 b $s33AstronomyPolynomialVenusPrototype010polynomialC5Bits0_Wz
0000000000d9a678 0000000000000008 b $s33AstronomyPolynomialVenusPrototype010polynomialC5Bits1Says6UInt64VGvp
0000000000d9a640 0000000000000008 b $s33AstronomyPolynomialVenusPrototype010polynomialC5Bits1_Wz
0000000000d9a680 0000000000000008 b $s33AstronomyPolynomialVenusPrototype010polynomialC5Bits2Says6UInt64VGvp
0000000000d9a648 0000000000000008 b $s33AstronomyPolynomialVenusPrototype010polynomialC5Bits2_Wz
0000000000d9a688 0000000000000008 b $s33AstronomyPolynomialVenusPrototype010polynomialC5Bits3Says6UInt64VGvp
0000000000d9a650 0000000000000008 b $s33AstronomyPolynomialVenusPrototype010polynomialC5Bits3_Wz
0000000000d9a690 0000000000000008 b $s33AstronomyPolynomialVenusPrototype010polynomialC5Bits4Says6UInt64VGvp
0000000000d9a658 0000000000000008 b $s33AstronomyPolynomialVenusPrototype010polynomialC5Bits4_Wz
0000000000d9a698 0000000000000008 b $s33AstronomyPolynomialVenusPrototype010polynomialC5Bits5Says6UInt64VGvp
0000000000d9a660 0000000000000008 b $s33AstronomyPolynomialVenusPrototype010polynomialC5Bits5_Wz
0000000000d9a668 0000000000000008 B $s33AstronomyPolynomialVenusPrototype010polynomialC8ValiditySays5UInt8VGvp
0000000000d9a630 0000000000000008 b $s33AstronomyPolynomialVenusPrototype010polynomialC8Validity_Wz
0000000000d9a568 0000000000000008 b $s34AstronomyPolynomialSaturnPrototype010polynomialC5Bits0Says6UInt64VGvp
0000000000d9a508 0000000000000008 b $s34AstronomyPolynomialSaturnPrototype010polynomialC5Bits0_Wz
0000000000d9a570 0000000000000008 b $s34AstronomyPolynomialSaturnPrototype010polynomialC5Bits1Says6UInt64VGvp
0000000000d9a510 0000000000000008 b $s34AstronomyPolynomialSaturnPrototype010polynomialC5Bits1_Wz
0000000000d9a580 0000000000000008 b $s34AstronomyPolynomialSaturnPrototype010polynomialC5Bits2Says6UInt64VGvp
0000000000d9a520 0000000000000008 b $s34AstronomyPolynomialSaturnPrototype010polynomialC5Bits2_Wz
0000000000d9a588 0000000000000008 b $s34AstronomyPolynomialSaturnPrototype010polynomialC5Bits3Says6UInt64VGvp
0000000000d9a528 0000000000000008 b $s34AstronomyPolynomialSaturnPrototype010polynomialC5Bits3_Wz
0000000000d9a590 0000000000000008 b $s34AstronomyPolynomialSaturnPrototype010polynomialC5Bits4Says6UInt64VGvp
0000000000d9a530 0000000000000008 b $s34AstronomyPolynomialSaturnPrototype010polynomialC5Bits4_Wz
0000000000d9a598 0000000000000008 b $s34AstronomyPolynomialSaturnPrototype010polynomialC5Bits5Says6UInt64VGvp
0000000000d9a538 0000000000000008 b $s34AstronomyPolynomialSaturnPrototype010polynomialC5Bits5_Wz
0000000000d9a5a0 0000000000000008 b $s34AstronomyPolynomialSaturnPrototype010polynomialC5Bits6Says6UInt64VGvp
0000000000d9a540 0000000000000008 b $s34AstronomyPolynomialSaturnPrototype010polynomialC5Bits6_Wz
0000000000d9a5a8 0000000000000008 b $s34AstronomyPolynomialSaturnPrototype010polynomialC5Bits7Says6UInt64VGvp
0000000000d9a548 0000000000000008 b $s34AstronomyPolynomialSaturnPrototype010polynomialC5Bits7_Wz
0000000000d9a5b0 0000000000000008 b $s34AstronomyPolynomialSaturnPrototype010polynomialC5Bits8Says6UInt64VGvp
0000000000d9a550 0000000000000008 b $s34AstronomyPolynomialSaturnPrototype010polynomialC5Bits8_Wz
0000000000d9a5b8 0000000000000008 b $s34AstronomyPolynomialSaturnPrototype010polynomialC5Bits9Says6UInt64VGvp
0000000000d9a558 0000000000000008 b $s34AstronomyPolynomialSaturnPrototype010polynomialC5Bits9_Wz
0000000000d9a578 0000000000000008 b $s34AstronomyPolynomialSaturnPrototype010polynomialC6Bits10Says6UInt64VGvp
0000000000d9a518 0000000000000008 b $s34AstronomyPolynomialSaturnPrototype010polynomialC6Bits10_Wz
0000000000d9a560 0000000000000008 B $s34AstronomyPolynomialSaturnPrototype010polynomialC8ValiditySays5UInt8VGvp
0000000000d9a500 0000000000000008 b $s34AstronomyPolynomialSaturnPrototype010polynomialC8Validity_Wz
0000000000d9a600 0000000000000008 b $s34AstronomyPolynomialUranusPrototype010polynomialC5Bits0Says6UInt64VGvp
0000000000d9a5c8 0000000000000008 b $s34AstronomyPolynomialUranusPrototype010polynomialC5Bits0_Wz
0000000000d9a608 0000000000000008 b $s34AstronomyPolynomialUranusPrototype010polynomialC5Bits1Says6UInt64VGvp
0000000000d9a5d0 0000000000000008 b $s34AstronomyPolynomialUranusPrototype010polynomialC5Bits1_Wz
0000000000d9a610 0000000000000008 b $s34AstronomyPolynomialUranusPrototype010polynomialC5Bits2Says6UInt64VGvp
0000000000d9a5d8 0000000000000008 b $s34AstronomyPolynomialUranusPrototype010polynomialC5Bits2_Wz
0000000000d9a618 0000000000000008 b $s34AstronomyPolynomialUranusPrototype010polynomialC5Bits3Says6UInt64VGvp
0000000000d9a5e0 0000000000000008 b $s34AstronomyPolynomialUranusPrototype010polynomialC5Bits3_Wz
0000000000d9a620 0000000000000008 b $s34AstronomyPolynomialUranusPrototype010polynomialC5Bits4Says6UInt64VGvp
0000000000d9a5e8 0000000000000008 b $s34AstronomyPolynomialUranusPrototype010polynomialC5Bits4_Wz
0000000000d9a628 0000000000000008 b $s34AstronomyPolynomialUranusPrototype010polynomialC5Bits5Says6UInt64VGvp
0000000000d9a5f0 0000000000000008 b $s34AstronomyPolynomialUranusPrototype010polynomialC5Bits5_Wz
0000000000d9a5f8 0000000000000008 B $s34AstronomyPolynomialUranusPrototype010polynomialC8ValiditySays5UInt8VGvp
0000000000d9a5c0 0000000000000008 b $s34AstronomyPolynomialUranusPrototype010polynomialC8Validity_Wz
0000000000d9a230 0000000000000008 b $s35AstronomyPolynomialJupiterPrototype010polynomialC5Bits0Says6UInt64VGvp
0000000000d9a1f8 0000000000000008 b $s35AstronomyPolynomialJupiterPrototype010polynomialC5Bits0_Wz
0000000000d9a238 0000000000000008 b $s35AstronomyPolynomialJupiterPrototype010polynomialC5Bits1Says6UInt64VGvp
0000000000d9a200 0000000000000008 b $s35AstronomyPolynomialJupiterPrototype010polynomialC5Bits1_Wz
0000000000d9a240 0000000000000008 b $s35AstronomyPolynomialJupiterPrototype010polynomialC5Bits2Says6UInt64VGvp
0000000000d9a208 0000000000000008 b $s35AstronomyPolynomialJupiterPrototype010polynomialC5Bits2_Wz
0000000000d9a248 0000000000000008 b $s35AstronomyPolynomialJupiterPrototype010polynomialC5Bits3Says6UInt64VGvp
0000000000d9a210 0000000000000008 b $s35AstronomyPolynomialJupiterPrototype010polynomialC5Bits3_Wz
0000000000d9a250 0000000000000008 b $s35AstronomyPolynomialJupiterPrototype010polynomialC5Bits4Says6UInt64VGvp
0000000000d9a218 0000000000000008 b $s35AstronomyPolynomialJupiterPrototype010polynomialC5Bits4_Wz
0000000000d9a258 0000000000000008 b $s35AstronomyPolynomialJupiterPrototype010polynomialC5Bits5Says6UInt64VGvp
0000000000d9a220 0000000000000008 b $s35AstronomyPolynomialJupiterPrototype010polynomialC5Bits5_Wz
0000000000d9a228 0000000000000008 B $s35AstronomyPolynomialJupiterPrototype010polynomialC8ValiditySays5UInt8VGvp
0000000000d9a1f0 0000000000000008 b $s35AstronomyPolynomialJupiterPrototype010polynomialC8Validity_Wz
0000000000d9a390 0000000000000008 b $s35AstronomyPolynomialMercuryPrototype010polynomialC5Bits0Says6UInt64VGvp
0000000000d9a2d8 0000000000000008 b $s35AstronomyPolynomialMercuryPrototype010polynomialC5Bits0_Wz
0000000000d9a398 0000000000000008 b $s35AstronomyPolynomialMercuryPrototype010polynomialC5Bits1Says6UInt64VGvp
0000000000d9a2e0 0000000000000008 b $s35AstronomyPolynomialMercuryPrototype010polynomialC5Bits1_Wz
0000000000d9a3f0 0000000000000008 b $s35AstronomyPolynomialMercuryPrototype010polynomialC5Bits2Says6UInt64VGvp
0000000000d9a338 0000000000000008 b $s35AstronomyPolynomialMercuryPrototype010polynomialC5Bits2_Wz
0000000000d9a408 0000000000000008 b $s35AstronomyPolynomialMercuryPrototype010polynomialC5Bits3Says6UInt64VGvp
0000000000d9a350 0000000000000008 b $s35AstronomyPolynomialMercuryPrototype010polynomialC5Bits3_Wz
0000000000d9a410 0000000000000008 b $s35AstronomyPolynomialMercuryPrototype010polynomialC5Bits4Says6UInt64VGvp
0000000000d9a358 0000000000000008 b $s35AstronomyPolynomialMercuryPrototype010polynomialC5Bits4_Wz
0000000000d9a418 0000000000000008 b $s35AstronomyPolynomialMercuryPrototype010polynomialC5Bits5Says6UInt64VGvp
0000000000d9a360 0000000000000008 b $s35AstronomyPolynomialMercuryPrototype010polynomialC5Bits5_Wz
0000000000d9a420 0000000000000008 b $s35AstronomyPolynomialMercuryPrototype010polynomialC5Bits6Says6UInt64VGvp
0000000000d9a368 0000000000000008 b $s35AstronomyPolynomialMercuryPrototype010polynomialC5Bits6_Wz
0000000000d9a428 0000000000000008 b $s35AstronomyPolynomialMercuryPrototype010polynomialC5Bits7Says6UInt64VGvp
0000000000d9a370 0000000000000008 b $s35AstronomyPolynomialMercuryPrototype010polynomialC5Bits7_Wz
0000000000d9a430 0000000000000008 b $s35AstronomyPolynomialMercuryPrototype010polynomialC5Bits8Says6UInt64VGvp
0000000000d9a378 0000000000000008 b $s35AstronomyPolynomialMercuryPrototype010polynomialC5Bits8_Wz
0000000000d9a438 0000000000000008 b $s35AstronomyPolynomialMercuryPrototype010polynomialC5Bits9Says6UInt64VGvp
0000000000d9a380 0000000000000008 b $s35AstronomyPolynomialMercuryPrototype010polynomialC5Bits9_Wz
0000000000d9a3a0 0000000000000008 b $s35AstronomyPolynomialMercuryPrototype010polynomialC6Bits10Says6UInt64VGvp
0000000000d9a2e8 0000000000000008 b $s35AstronomyPolynomialMercuryPrototype010polynomialC6Bits10_Wz
0000000000d9a3a8 0000000000000008 b $s35AstronomyPolynomialMercuryPrototype010polynomialC6Bits11Says6UInt64VGvp
0000000000d9a2f0 0000000000000008 b $s35AstronomyPolynomialMercuryPrototype010polynomialC6Bits11_Wz
0000000000d9a3b0 0000000000000008 b $s35AstronomyPolynomialMercuryPrototype010polynomialC6Bits12Says6UInt64VGvp
0000000000d9a2f8 0000000000000008 b $s35AstronomyPolynomialMercuryPrototype010polynomialC6Bits12_Wz
0000000000d9a3b8 0000000000000008 b $s35AstronomyPolynomialMercuryPrototype010polynomialC6Bits13Says6UInt64VGvp
0000000000d9a300 0000000000000008 b $s35AstronomyPolynomialMercuryPrototype010polynomialC6Bits13_Wz
0000000000d9a3c0 0000000000000008 b $s35AstronomyPolynomialMercuryPrototype010polynomialC6Bits14Says6UInt64VGvp
0000000000d9a308 0000000000000008 b $s35AstronomyPolynomialMercuryPrototype010polynomialC6Bits14_Wz
0000000000d9a3c8 0000000000000008 b $s35AstronomyPolynomialMercuryPrototype010polynomialC6Bits15Says6UInt64VGvp
0000000000d9a310 0000000000000008 b $s35AstronomyPolynomialMercuryPrototype010polynomialC6Bits15_Wz
0000000000d9a3d0 0000000000000008 b $s35AstronomyPolynomialMercuryPrototype010polynomialC6Bits16Says6UInt64VGvp
0000000000d9a318 0000000000000008 b $s35AstronomyPolynomialMercuryPrototype010polynomialC6Bits16_Wz
0000000000d9a3d8 0000000000000008 b $s35AstronomyPolynomialMercuryPrototype010polynomialC6Bits17Says6UInt64VGvp
0000000000d9a320 0000000000000008 b $s35AstronomyPolynomialMercuryPrototype010polynomialC6Bits17_Wz
0000000000d9a3e0 0000000000000008 b $s35AstronomyPolynomialMercuryPrototype010polynomialC6Bits18Says6UInt64VGvp
0000000000d9a328 0000000000000008 b $s35AstronomyPolynomialMercuryPrototype010polynomialC6Bits18_Wz
0000000000d9a3e8 0000000000000008 b $s35AstronomyPolynomialMercuryPrototype010polynomialC6Bits19Says6UInt64VGvp
0000000000d9a330 0000000000000008 b $s35AstronomyPolynomialMercuryPrototype010polynomialC6Bits19_Wz
0000000000d9a3f8 0000000000000008 b $s35AstronomyPolynomialMercuryPrototype010polynomialC6Bits20Says6UInt64VGvp
0000000000d9a340 0000000000000008 b $s35AstronomyPolynomialMercuryPrototype010polynomialC6Bits20_Wz
0000000000d9a400 0000000000000008 b $s35AstronomyPolynomialMercuryPrototype010polynomialC6Bits21Says6UInt64VGvp
0000000000d9a348 0000000000000008 b $s35AstronomyPolynomialMercuryPrototype010polynomialC6Bits21_Wz
0000000000d9a388 0000000000000008 B $s35AstronomyPolynomialMercuryPrototype010polynomialC8ValiditySays5UInt8VGvp
0000000000d9a2d0 0000000000000008 b $s35AstronomyPolynomialMercuryPrototype010polynomialC8Validity_Wz
0000000000d9a4a8 0000000000000008 b $s35AstronomyPolynomialNeptunePrototype010polynomialC5Bits0Says6UInt64VGvp
0000000000d9a448 0000000000000008 b $s35AstronomyPolynomialNeptunePrototype010polynomialC5Bits0_Wz
0000000000d9a4b0 0000000000000008 b $s35AstronomyPolynomialNeptunePrototype010polynomialC5Bits1Says6UInt64VGvp
0000000000d9a450 0000000000000008 b $s35AstronomyPolynomialNeptunePrototype010polynomialC5Bits1_Wz
0000000000d9a4c0 0000000000000008 b $s35AstronomyPolynomialNeptunePrototype010polynomialC5Bits2Says6UInt64VGvp
0000000000d9a460 0000000000000008 b $s35AstronomyPolynomialNeptunePrototype010polynomialC5Bits2_Wz
0000000000d9a4c8 0000000000000008 b $s35AstronomyPolynomialNeptunePrototype010polynomialC5Bits3Says6UInt64VGvp
0000000000d9a468 0000000000000008 b $s35AstronomyPolynomialNeptunePrototype010polynomialC5Bits3_Wz
0000000000d9a4d0 0000000000000008 b $s35AstronomyPolynomialNeptunePrototype010polynomialC5Bits4Says6UInt64VGvp
0000000000d9a470 0000000000000008 b $s35AstronomyPolynomialNeptunePrototype010polynomialC5Bits4_Wz
0000000000d9a4d8 0000000000000008 b $s35AstronomyPolynomialNeptunePrototype010polynomialC5Bits5Says6UInt64VGvp
0000000000d9a478 0000000000000008 b $s35AstronomyPolynomialNeptunePrototype010polynomialC5Bits5_Wz
0000000000d9a4e0 0000000000000008 b $s35AstronomyPolynomialNeptunePrototype010polynomialC5Bits6Says6UInt64VGvp
0000000000d9a480 0000000000000008 b $s35AstronomyPolynomialNeptunePrototype010polynomialC5Bits6_Wz
0000000000d9a4e8 0000000000000008 b $s35AstronomyPolynomialNeptunePrototype010polynomialC5Bits7Says6UInt64VGvp
0000000000d9a488 0000000000000008 b $s35AstronomyPolynomialNeptunePrototype010polynomialC5Bits7_Wz
0000000000d9a4f0 0000000000000008 b $s35AstronomyPolynomialNeptunePrototype010polynomialC5Bits8Says6UInt64VGvp
0000000000d9a490 0000000000000008 b $s35AstronomyPolynomialNeptunePrototype010polynomialC5Bits8_Wz
0000000000d9a4f8 0000000000000008 b $s35AstronomyPolynomialNeptunePrototype010polynomialC5Bits9Says6UInt64VGvp
0000000000d9a498 0000000000000008 b $s35AstronomyPolynomialNeptunePrototype010polynomialC5Bits9_Wz
0000000000d9a4b8 0000000000000008 b $s35AstronomyPolynomialNeptunePrototype010polynomialC6Bits10Says6UInt64VGvp
0000000000d9a458 0000000000000008 b $s35AstronomyPolynomialNeptunePrototype010polynomialC6Bits10_Wz
0000000000d9a4a0 0000000000000008 B $s35AstronomyPolynomialNeptunePrototype010polynomialC8ValiditySays5UInt8VGvp
0000000000d9a440 0000000000000008 b $s35AstronomyPolynomialNeptunePrototype010polynomialC8Validity_Wz
0000000000d9a6b0 0000000000000008 b $sS2SSysWL
000000000002da10 0000000000000008 d $sSDySS23AstronomySunPilotRunner0D0V8WorkloadVGMD
0000000000d9a6c0 0000000000000008 b $sSDySS23AstronomySunPilotRunner0D0V8WorkloadVGSDyxq_GSEsSERzSER_rlWL
00000000000243e8 0000000000000008 d $sSay23AstronomyModelPrototype0C4BodyOGMD
0000000000d99c00 0000000000000008 b $sSay23AstronomyModelPrototype0C4BodyOGSayxGSlsWL
0000000000024410 0000000000000008 d $sSay23AstronomyModelPrototype11PilotDeltaTOGMD
0000000000d99e30 0000000000000008 b $sSay23AstronomyModelPrototype11PilotDeltaTOGSayxGSlsWL
000000000002da20 0000000000000008 d $sSays5UInt8VGMD
000000000002da18 0000000000000008 d $ss18_DictionaryStorageCySS23AstronomySunPilotRunner0F0V8WorkloadVGMD
000000000002da38 0000000000000008 d $ss22KeyedEncodingContainerVy23AstronomySunPilotRunner0G0V8WorkloadV10CodingKeys33_0FF2CF0140E46AF66BC1C95760497CEBLLOGMD
000000000002da30 0000000000000008 d $ss22KeyedEncodingContainerVy23AstronomySunPilotRunner6SampleV10CodingKeys33_0FF2CF0140E46AF66BC1C95760497CEBLLOGMD
000000000002ef80 0000000000000008 d $ss23_ContiguousArrayStorageCy22AstronomyVSOPPrototype19GeneratedVSOPSeriesVGMD
00000000000243e0 0000000000000008 d $ss23_ContiguousArrayStorageCy23AstronomyModelPrototype0F4BodyOGMD
0000000000024408 0000000000000008 d $ss23_ContiguousArrayStorageCy23AstronomyModelPrototype11PilotDeltaTOGMD
0000000000024428 0000000000000008 d $ss23_ContiguousArrayStorageCy23AstronomyModelPrototype16PilotOrientationV4TermVGMD
0000000000024438 0000000000000008 d $ss23_ContiguousArrayStorageCy23AstronomyModelPrototype18PolynomialMetadataVGMD
0000000000024450 0000000000000008 d $ss23_ContiguousArrayStorageCy23AstronomyModelPrototype18VSOPSeriesMetadataVGMD
0000000000024448 0000000000000008 d $ss23_ContiguousArrayStorageCy23AstronomyModelPrototype8SunPilotO4TermVGMD
0000000000024780 0000000000000008 d $ss23_ContiguousArrayStorageCy32AstronomyModelPrototypeGenerated0G18PolynomialMetadataVGMD
00000000000243f8 0000000000000008 d $ss23_ContiguousArrayStorageCySdGMD
000000000002da28 0000000000000008 d $ss23_ContiguousArrayStorageCySsGMD
0000000000024400 0000000000000008 d $ss23_ContiguousArrayStorageCys12StaticStringVGMD
0000000000024440 0000000000000008 d $ss23_ContiguousArrayStorageCys5Int64VGMD
0000000000026b90 0000000000000008 d $ss23_ContiguousArrayStorageCys5UInt8VGMD
00000000000243f0 0000000000000008 d $ss23_ContiguousArrayStorageCys6UInt64VGMD
0000000000024430 0000000000000008 d $ss23_ContiguousArrayStorageCys6UInt64V_23AstronomyModelPrototype10PilotEarthVtGMD
0000000000024418 0000000000000008 d $ss23_ContiguousArrayStorageCys6UInt64V_23AstronomyModelPrototype16PilotOrientationVtGMD
000000000002d9f0 0000000000000008 d $ss5Error_pMD
00000000000242f0 0000000000000008 d _ZL14__backtraceRef
00000000000238b8 0000000000000008 d got.$s20FoundationEssentials15ContiguousBytesMp
00000000000237a0 0000000000000008 d got.$s23AstronomyModelPrototype10PilotEarthVMn
0000000000023708 0000000000000008 d got.$s23AstronomyModelPrototype11PilotVectorVMn
00000000000237b8 0000000000000008 d got.$s23AstronomyModelPrototype16PilotOrientationV4TermVMn
00000000000237a8 0000000000000008 d got.$s23AstronomyModelPrototype16PilotOrientationVMn
00000000000237c0 0000000000000008 d got.$s23AstronomyModelPrototype18PolynomialMetadataVMn
00000000000237d8 0000000000000008 d got.$s23AstronomyModelPrototype18VSOPSeriesMetadataVMn
00000000000237d0 0000000000000008 d got.$s23AstronomyModelPrototype8SunPilotO4TermVMn
0000000000022f60 0000000000000008 d got.$s8AllCasess12CaseIterablePTl
0000000000022f38 0000000000000008 d got.$s8RawValueSYTl
0000000000023a38 0000000000000008 d got.$sSE6encode2toys7Encoder_p_tKFTq
0000000000023a30 0000000000000008 d got.$sSEMp
0000000000022f28 0000000000000008 d got.$sSH13_rawHashValue4seedS2i_tFTq
0000000000022f20 0000000000000008 d got.$sSH4hash4intoys6HasherVz_tFTq
0000000000022f18 0000000000000008 d got.$sSH9hashValueSivgTq
0000000000022f08 0000000000000008 d got.$sSHMp
0000000000022f10 0000000000000008 d got.$sSHSQTb
0000000000022f00 0000000000000008 d got.$sSQ2eeoiySbx_xtFZTq
0000000000022ef8 0000000000000008 d got.$sSQMp
0000000000022f48 0000000000000008 d got.$sSY8rawValue03RawB0QzvgTq
0000000000022f40 0000000000000008 d got.$sSY8rawValuexSg03RawB0Qz_tcfCTq
0000000000022f30 0000000000000008 d got.$sSYMp
0000000000022f50 0000000000000008 d got.$ss12CaseIterableMp
0000000000022f58 0000000000000008 d got.$ss12CaseIterableP8AllCasesAB_SlTn
0000000000022f68 0000000000000008 d got.$ss12CaseIterableP8allCases03AllD0QzvgZTq
00000000000233a0 0000000000000008 d got.$ss12StaticStringVMn
00000000000238c0 0000000000000008 d got.$ss18_DictionaryStorageCMn
0000000000023a40 0000000000000008 d got.$ss22KeyedEncodingContainerVMn
0000000000023b78 0000000000000008 d got.$ss23CustomStringConvertibleMp
0000000000023b80 0000000000000008 d got.$ss23CustomStringConvertibleP11descriptionSSvgTq
0000000000022ef0 0000000000000008 d got.$ss23_ContiguousArrayStorageCMn
0000000000023b68 0000000000000008 d got.$ss28CustomDebugStringConvertibleMp
0000000000023b70 0000000000000008 d got.$ss28CustomDebugStringConvertibleP16debugDescriptionSSvgTq
0000000000023420 0000000000000008 d got.$ss5ErrorMp
0000000000023430 0000000000000008 d got.$ss5ErrorP5_codeSivgTq
0000000000023428 0000000000000008 d got.$ss5ErrorP7_domainSSvgTq
0000000000023438 0000000000000008 d got.$ss5ErrorP9_userInfoyXlSgvgTq
00000000000231b0 0000000000000008 d got.$ss5Int64VMn
0000000000023890 0000000000000008 d got.$ss5UInt8VMn
00000000000231b8 0000000000000008 d got.$ss6UInt64VMn
0000000000023bc0 0000000000000008 d got.$ss9CodingKeyMp
0000000000023bd8 0000000000000008 d got.$ss9CodingKeyP11stringValueSSvgTq
0000000000023be0 0000000000000008 d got.$ss9CodingKeyP11stringValuexSgSS_tcfCTq
0000000000023be8 0000000000000008 d got.$ss9CodingKeyP8intValueSiSgvgTq
0000000000023bf0 0000000000000008 d got.$ss9CodingKeyP8intValuexSgSi_tcfCTq
0000000000023bd0 0000000000000008 d got.$ss9CodingKeyPs23CustomStringConvertibleTb
0000000000023bc8 0000000000000008 d got.$ss9CodingKeyPs28CustomDebugStringConvertibleTb
000000000001b768 0000000000000008 r l_entry_point
000000000001af5e 0000000000000008 r symbolic ______p 20FoundationEssentials15ContiguousBytesP
000000000001af48 0000000000000008 r symbolic ______p s5ErrorP
0000000000007ef0 0000000000000009 t $s23AstronomyModelPrototype0C4BodyOwug
0000000000007f10 0000000000000009 t $s23AstronomyModelPrototype0C4BodyOwui
000000000000b030 0000000000000009 t $s23AstronomyModelPrototype10PilotErrorOwug
000000000000b050 0000000000000009 t $s23AstronomyModelPrototype10PilotErrorOwui
000000000000ae20 0000000000000009 t $s23AstronomyModelPrototype11PilotDeltaTOwug
00000000000073c0 0000000000000009 T $s23AstronomyModelPrototype11PilotVectorV1ySdvg
00000000000073d0 0000000000000009 T $s23AstronomyModelPrototype11PilotVectorV1zSdvg
000000000000c4c0 0000000000000009 T $s23AstronomyModelPrototype13PilotObserverV6heightSdvg
000000000000c4b0 0000000000000009 T $s23AstronomyModelPrototype13PilotObserverV9longitudeSdvg
000000000000b1c0 0000000000000009 T $s23AstronomyModelPrototype9PilotTimeV2ttSdvg
00000000000145c0 0000000000000009 t $s23AstronomySunPilotRunner0D0V8WorkloadV10CodingKeys33_0FF2CF0140E46AF66BC1C95760497CEBLLOs0F3KeyAAsAIP8intValuexSgSi_tcfCTW
0000000000019210 0000000000000009 t $s23AstronomySunPilotRunner0D0V8WorkloadV10CodingKeys33_0FF2CF0140E46AF66BC1C95760497CEBLLOwug
0000000000019230 0000000000000009 t $s23AstronomySunPilotRunner0D0V8WorkloadV10CodingKeys33_0FF2CF0140E46AF66BC1C95760497CEBLLOwui
0000000000013780 0000000000000009 t $s23AstronomySunPilotRunner6SampleV10CodingKeys33_0FF2CF0140E46AF66BC1C95760497CEBLLOs0F3KeyAAsAGP8intValuexSgSi_tcfCTW
0000000000019fb0 000000000000000a T $s22AstronomyVSOPPrototype19GeneratedVSOPSeriesV10coordinateSivg
0000000000019fa0 000000000000000a T $s22AstronomyVSOPPrototype19GeneratedVSOPSeriesV4bodySivg
0000000000019fe0 000000000000000a T $s22AstronomyVSOPPrototype19GeneratedVSOPSeriesV5countSivg
0000000000019fc0 000000000000000a T $s22AstronomyVSOPPrototype19GeneratedVSOPSeriesV5powerSivg
0000000000019fd0 000000000000000a T $s22AstronomyVSOPPrototype19GeneratedVSOPSeriesV6offsetSivg
000000000001a010 000000000000000a T $s22AstronomyVSOPPrototype19GeneratedVSOPSeriesVMa
0000000000008680 000000000000000a T $s23AstronomyModelPrototype0C4BodyO8rawValueACSgSi_tcfC
0000000000008460 000000000000000a T $s23AstronomyModelPrototype0C4BodyO8rawValueSivg
0000000000008f30 000000000000000a T $s23AstronomyModelPrototype0C4BodyOMa
0000000000007cd0 000000000000000a t $s23AstronomyModelPrototype0C4BodyOSHAASQWb
0000000000007d10 000000000000000a t $s23AstronomyModelPrototype0C4BodyOs12CaseIterableAA8AllCasessADP_SlWT
0000000000008920 000000000000000a T $s23AstronomyModelPrototype0cB4DataO11nutationRow2atAA08NutationF0VSgSi_tFZ
0000000000008450 000000000000000a T $s23AstronomyModelPrototype0cB4DataO18polynomialMetadataSayAA010PolynomialF0VGvgZ
0000000000008600 000000000000000a T $s23AstronomyModelPrototype0cB4DataO18polynomialValidity4body7segmentSbSgAA0C4BodyO_SitFZ
0000000000008f70 000000000000000a T $s23AstronomyModelPrototype0cB4DataOMa
0000000000007490 000000000000000a T $s23AstronomyModelPrototype10PilotEarthVMa
000000000000b310 000000000000000a T $s23AstronomyModelPrototype10PilotErrorOMa
000000000000ac90 000000000000000a t $s23AstronomyModelPrototype10PilotErrorOSHAASQWb
000000000000a470 000000000000000a t $s23AstronomyModelPrototype10PilotErrorOs0E0AAsADP5_codeSivgTW
000000000000a460 000000000000000a t $s23AstronomyModelPrototype10PilotErrorOs0E0AAsADP7_domainSSvgTW
000000000000a480 000000000000000a t $s23AstronomyModelPrototype10PilotErrorOs0E0AAsADP9_userInfoyXlSgvgTW
00000000000087f0 000000000000000a T $s23AstronomyModelPrototype11NutationRowV11multipliersSays5Int64VGvg
0000000000008f60 000000000000000a T $s23AstronomyModelPrototype11NutationRowVMa
0000000000008440 000000000000000a t $s23AstronomyModelPrototype11NutationRowVwCP
0000000000008430 000000000000000a t $s23AstronomyModelPrototype11NutationRowVwcp
000000000000b2f0 000000000000000a T $s23AstronomyModelPrototype11PilotDeltaTOMa
000000000000abc0 000000000000000a t $s23AstronomyModelPrototype11PilotDeltaTOSHAASQWb
000000000000ac00 000000000000000a t $s23AstronomyModelPrototype11PilotDeltaTOs12CaseIterableAA8AllCasessADP_SlWT
000000000000a080 000000000000000a t $s23AstronomyModelPrototype11PilotMatrixVMa
000000000000a0a0 000000000000000a t $s23AstronomyModelPrototype11PilotMatrixVwCP
0000000000007480 000000000000000a T $s23AstronomyModelPrototype11PilotVectorVMa
0000000000007380 000000000000000a t $s23AstronomyModelPrototype11PilotVectorVwet
00000000000073a0 000000000000000a t $s23AstronomyModelPrototype11PilotVectorVwst
000000000000d0b0 000000000000000a T $s23AstronomyModelPrototype13PilotObserverVMa
000000000000d0d0 000000000000000a T $s23AstronomyModelPrototype14PilotEvaluatorVMa
000000000000c490 000000000000000a t $s23AstronomyModelPrototype14PilotEvaluatorVwCP
000000000000c480 000000000000000a t $s23AstronomyModelPrototype14PilotEvaluatorVwcp
000000000000c540 000000000000000a T $s23AstronomyModelPrototype16PilotObservationV10iterationsSivg
000000000000c550 000000000000000a T $s23AstronomyModelPrototype16PilotObservationV19fallbackEvaluationsSivg
000000000000d0c0 000000000000000a T $s23AstronomyModelPrototype16PilotObservationVMa
0000000000009fb0 000000000000000a t $s23AstronomyModelPrototype16PilotOrientationV4TermVMa
000000000000a0c0 000000000000000a t $s23AstronomyModelPrototype16PilotOrientationV4TermVwCP
000000000000a0b0 000000000000000a t $s23AstronomyModelPrototype16PilotOrientationV4TermVwcp
0000000000009020 000000000000000a t $s23AstronomyModelPrototype16PilotOrientationVMa
000000000000a090 000000000000000a t $s23AstronomyModelPrototype16PilotOrientationVwCP
0000000000008730 000000000000000a T $s23AstronomyModelPrototype18PolynomialMetadataV16coefficientCountSivg
0000000000008710 000000000000000a T $s23AstronomyModelPrototype18PolynomialMetadataV5widthSivg
0000000000008700 000000000000000a T $s23AstronomyModelPrototype18PolynomialMetadataV6degreeSivg
0000000000008720 000000000000000a T $s23AstronomyModelPrototype18PolynomialMetadataV8segmentsSivg
0000000000008f40 000000000000000a T $s23AstronomyModelPrototype18PolynomialMetadataVMa
0000000000008420 000000000000000a t $s23AstronomyModelPrototype18PolynomialMetadataVwCP
00000000000087b0 000000000000000a T $s23AstronomyModelPrototype18VSOPSeriesMetadataV10coordinateSivg
00000000000087a0 000000000000000a T $s23AstronomyModelPrototype18VSOPSeriesMetadataV4bodySivg
00000000000087e0 000000000000000a T $s23AstronomyModelPrototype18VSOPSeriesMetadataV5countSivg
00000000000087c0 000000000000000a T $s23AstronomyModelPrototype18VSOPSeriesMetadataV5powerSivg
00000000000087d0 000000000000000a T $s23AstronomyModelPrototype18VSOPSeriesMetadataV6offsetSivg
0000000000008f50 000000000000000a T $s23AstronomyModelPrototype18VSOPSeriesMetadataVMa
0000000000008410 000000000000000a t $s23AstronomyModelPrototype18VSOPSeriesMetadataVwCP
0000000000007360 000000000000000a t $s23AstronomyModelPrototype8SunPilotO4TermVMa
0000000000007370 000000000000000a t $s23AstronomyModelPrototype8SunPilotO4TermVwet
0000000000007390 000000000000000a t $s23AstronomyModelPrototype8SunPilotO4TermVwst
00000000000074a0 000000000000000a T $s23AstronomyModelPrototype8SunPilotOMa
000000000000b1d0 000000000000000a T $s23AstronomyModelPrototype9PilotTimeV5modelAA0D6DeltaTOvg
000000000000b300 000000000000000a T $s23AstronomyModelPrototype9PilotTimeVMa
0000000000019240 000000000000000a t $s23AstronomySunPilotRunner0D0V8WorkloadV10CodingKeys33_0FF2CF0140E46AF66BC1C95760497CEBLLOMa
00000000000145b0 000000000000000a t $s23AstronomySunPilotRunner0D0V8WorkloadV10CodingKeys33_0FF2CF0140E46AF66BC1C95760497CEBLLOs0F3KeyAAsAIP8intValueSiSgvgTW
0000000000018ad0 000000000000000a t $s23AstronomySunPilotRunner0D0V8WorkloadVMa
0000000000018a40 000000000000000a t $s23AstronomySunPilotRunner0D0VMa
0000000000019390 000000000000000a t $s23AstronomySunPilotRunner6SampleV10CodingKeys33_0FF2CF0140E46AF66BC1C95760497CEBLLOMa
0000000000019630 000000000000000a t $s23AstronomySunPilotRunner6SampleV10CodingKeys33_0FF2CF0140E46AF66BC1C95760497CEBLLOSHAASH13_rawHashValue4seedS2i_tFTW
0000000000019640 000000000000000a t $s23AstronomySunPilotRunner6SampleV10CodingKeys33_0FF2CF0140E46AF66BC1C95760497CEBLLOSHAASH4hash4intoys6HasherVz_tFTW
0000000000019680 000000000000000a t $s23AstronomySunPilotRunner6SampleV10CodingKeys33_0FF2CF0140E46AF66BC1C95760497CEBLLOSHAASH9hashValueSivgTW
0000000000019650 000000000000000a t $s23AstronomySunPilotRunner6SampleV10CodingKeys33_0FF2CF0140E46AF66BC1C95760497CEBLLOSQAASQ2eeoiySbx_xtFZTW
0000000000013770 000000000000000a t $s23AstronomySunPilotRunner6SampleV10CodingKeys33_0FF2CF0140E46AF66BC1C95760497CEBLLOs0F3KeyAAsAGP8intValueSiSgvgTW
0000000000019660 000000000000000a t $s23AstronomySunPilotRunner6SampleV10CodingKeys33_0FF2CF0140E46AF66BC1C95760497CEBLLOwug
0000000000019670 000000000000000a t $s23AstronomySunPilotRunner6SampleV10CodingKeys33_0FF2CF0140E46AF66BC1C95760497CEBLLOwui
0000000000019060 000000000000000a t $s23AstronomySunPilotRunner6SampleVMa
000000000000d4d0 000000000000000a T $s32AstronomyModelPrototypeGenerated0D18PolynomialMetadataV16coefficientCountSivg
000000000000d4b0 000000000000000a T $s32AstronomyModelPrototypeGenerated0D18PolynomialMetadataV5widthSivg
000000000000d4a0 000000000000000a T $s32AstronomyModelPrototypeGenerated0D18PolynomialMetadataV6degreeSivg
000000000000d4c0 000000000000000a T $s32AstronomyModelPrototypeGenerated0D18PolynomialMetadataV8segmentsSivg
000000000000d560 000000000000000a T $s32AstronomyModelPrototypeGenerated0D18PolynomialMetadataVMa
000000000001acec 000000000000000a r symbolic Say_____G 23AstronomyModelPrototype0C4BodyO
000000000001adb0 000000000000000a r symbolic Say_____G 23AstronomyModelPrototype11PilotDeltaTO
000000000001ad2c 000000000000000a r symbolic Say_____G s5Int64V
000000000001af8c 000000000000000a r symbolic Say_____G s5UInt8V
000000000001ad36 000000000000000a r symbolic Say_____G s6UInt64V
000000000001af66 000000000000000a r symbolic ______pSg 20FoundationEssentials15ContiguousBytesP
000000000001ad64 000000000000000a r symbolic _____ySdG s23_ContiguousArrayStorageC
000000000001af96 000000000000000a r symbolic _____ySsG s23_ContiguousArrayStorageC
0000000000008810 000000000000000b T $s23AstronomyModelPrototype0cB4DataO13vsopTermCountSivgZ
0000000000007400 000000000000000b T $s23AstronomyModelPrototype10PilotEarthV12usedFallbackSbvg
0000000000013b90 000000000000000b t $s23AstronomySunPilotRunner6SampleVSEAASE6encode2toys7Encoder_p_tKFTW
0000000000018660 000000000000000b t $sSTsSQ7ElementRpzrlE8containsySbABFSbABXEfU_SaySSG_TG5TA
0000000000019690 000000000000000b t $sSTsSQ7ElementRpzrlE8containsySbABFSbABXEfU_SaySSG_TG5TA.1
00000000000196a0 000000000000000b t $sSlsSQ7ElementRpzrlE5split9separator9maxSplits25omittingEmptySubsequencesSay11SubSequenceQzGAB_SiSbtFSbABXEfU_SS_TG5TA
0000000000d99878 000000000000000c d $s22AstronomyVSOPPrototypeMXM
000000000000b280 000000000000000c T $s23AstronomyModelPrototype10PilotErrorO21__derived_enum_equalsySbAC_ACtFZ
000000000000ae40 000000000000000c t $s23AstronomyModelPrototype11PilotDeltaTOwui
000000000000c500 000000000000000c T $s23AstronomyModelPrototype16PilotObservationV11declinationSdvg
000000000000c4f0 000000000000000c T $s23AstronomyModelPrototype16PilotObservationV14rightAscensionSdvg
000000000000c4e0 000000000000000c T $s23AstronomyModelPrototype16PilotObservationV8altitudeSdvg
000000000000c510 000000000000000c T $s23AstronomyModelPrototype16PilotObservationV8distanceSdvg
00000000000086f0 000000000000000c T $s23AstronomyModelPrototype18PolynomialMetadataV6stopTTSdvg
00000000000086e0 000000000000000c T $s23AstronomyModelPrototype18PolynomialMetadataV7startTTSdvg
000000000002f618 000000000000000c d $s23AstronomyModelPrototypeMXM
0000000000cae628 000000000000000c d $s23AstronomySunPilotRunnerMXM
000000000000d490 000000000000000c T $s32AstronomyModelPrototypeGenerated0D18PolynomialMetadataV6stopTTSdvg
000000000000d480 000000000000000c T $s32AstronomyModelPrototypeGenerated0D18PolynomialMetadataV7startTTSdvg
0000000000030274 000000000000000c d $s32AstronomyModelPrototypeGeneratedMXM
000000000001af70 000000000000000c r symbolic SDySS_____G 23AstronomySunPilotRunner0D0V8WorkloadV
0000000000019dc0 000000000000000d T $s22AstronomyVSOPPrototype22generatedVSOPTermCountSivau
0000000000008800 000000000000000d T $s23AstronomyModelPrototype11NutationRowV15coefficientBitsSays6UInt64VGvg
0000000000007460 000000000000000d T $s23AstronomyModelPrototype14PilotEvaluatorV10earthCacheSays6UInt64V_AA0D5EarthVtGvpfi
0000000000007470 000000000000000d T $s23AstronomyModelPrototype14PilotEvaluatorV16orientationCacheSays6UInt64V_AA0D11OrientationVtGvpfi
000000000001afe4 000000000000000d r symbolic _____y_____G s22KeyedEncodingContainerV 23AstronomySunPilotRunner0G0V8WorkloadV10CodingKeys33_0FF2CF0140E46AF66BC1C95760497CEBLLO
000000000001afd6 000000000000000d r symbolic _____y_____G s22KeyedEncodingContainerV 23AstronomySunPilotRunner6SampleV10CodingKeys33_0FF2CF0140E46AF66BC1C95760497CEBLLO
000000000001b038 000000000000000d r symbolic _____y_____G s23_ContiguousArrayStorageC 22AstronomyVSOPPrototype19GeneratedVSOPSeriesV
000000000001acc6 000000000000000d r symbolic _____y_____G s23_ContiguousArrayStorageC 23AstronomyModelPrototype0F4BodyO
000000000001ad8a 000000000000000d r symbolic _____y_____G s23_ContiguousArrayStorageC 23AstronomyModelPrototype11PilotDeltaTO
000000000001ae50 000000000000000d r symbolic _____y_____G s23_ContiguousArrayStorageC 23AstronomyModelPrototype16PilotOrientationV4TermV
000000000001ae72 000000000000000d r symbolic _____y_____G s23_ContiguousArrayStorageC 23AstronomyModelPrototype18PolynomialMetadataV
000000000001ae9c 000000000000000d r symbolic _____y_____G s23_ContiguousArrayStorageC 23AstronomyModelPrototype18VSOPSeriesMetadataV
000000000001ae8e 000000000000000d r symbolic _____y_____G s23_ContiguousArrayStorageC 23AstronomyModelPrototype8SunPilotO4TermV
000000000001aebc 000000000000000d r symbolic _____y_____G s23_ContiguousArrayStorageC 32AstronomyModelPrototypeGenerated0G18PolynomialMetadataV
000000000001ad7c 000000000000000d r symbolic _____y_____G s23_ContiguousArrayStorageC s12StaticStringV
000000000001ae80 000000000000000d r symbolic _____y_____G s23_ContiguousArrayStorageC s5Int64V
000000000001aeca 000000000000000d r symbolic _____y_____G s23_ContiguousArrayStorageC s5UInt8V
000000000001ad46 000000000000000d r symbolic _____y_____G s23_ContiguousArrayStorageC s6UInt64V
00000000000074b0 000000000000000e t $s23AstronomyModelPrototype0C4BodyOSQAASQ2eeoiySbx_xtFZTW
0000000000007580 000000000000000e t $s23AstronomyModelPrototype0C4BodyOSYAASY8rawValue03RawF0QzvgTW
000000000000a490 000000000000000e t $s23AstronomyModelPrototype10PilotErrorOSQAASQ2eeoiySbx_xtFZTW
0000000000014460 000000000000000e t $s23AstronomySunPilotRunner0D0V8WorkloadV10CodingKeys33_0FF2CF0140E46AF66BC1C95760497CEBLLOSQAASQ2eeoiySbx_xtFZTW
0000000000018b10 000000000000000e t $s23AstronomySunPilotRunner6SampleVwxx
0000000000007da0 000000000000000e t __swift_memcpy1_1
0000000000007410 000000000000000f T $s23AstronomyModelPrototype10PilotEarthV7segmentSiSgvg
0000000000013740 000000000000000f t $s23AstronomySunPilotRunner6SampleV10CodingKeys33_0FF2CF0140E46AF66BC1C95760497CEBLLOs0F3KeyAAsAGP11stringValueSSvgTW
0000000000008f90 000000000000000f t __swift_memcpy168_8
0000000000008340 000000000000000f t __swift_memcpy16_8
0000000000018e00 000000000000000f t __swift_memcpy233_8
000000000001af7c 000000000000000f r symbolic _____ySS_____G s18_DictionaryStorageC 23AstronomySunPilotRunner0F0V8WorkloadV
000000000001a2f8 0000000000000010 r $s23AstronomyModelPrototype0cB4DataOMF
000000000000c600 0000000000000010 T $s23AstronomyModelPrototype14PilotEvaluatorV24fullSeriesAmplitudeScaleACSd_tcfC
000000000001a154 0000000000000010 r $s23AstronomyModelPrototype8SunPilotOMF
000000000001a6e0 0000000000000010 r $s23AstronomySunPilotRunner0D0VMF
000000000001ae0e 0000000000000011 r symbolic Say___________tG s6UInt64V 23AstronomyModelPrototype10PilotEarthV
000000000001ae20 0000000000000011 r symbolic Say___________tG s6UInt64V 23AstronomyModelPrototype16PilotOrientationV
0000000000018980 0000000000000012 t $s20FoundationEssentials4DataVyACxcSTRzs5UInt8V7ElementRtzlufc8IteratorQz_SitSwXEfU1_AI_SitSryAEGXEfU_SS8UTF8ViewV_TG5TA
0000000000007980 0000000000000013 t $s23AstronomyModelPrototype0C4BodyO8rawValueACSgSi_tcfCTf4nd_n
0000000000007700 0000000000000013 t $ss15ContiguousArrayV16_createNewBuffer14bufferIsUnique15minimumCapacity13growForAppendySb_SiSbtF23AstronomyModelPrototype16PilotOrientationV4TermV_Tg5
0000000000007680 0000000000000013 t $ss15ContiguousArrayV16_createNewBuffer14bufferIsUnique15minimumCapacity13growForAppendySb_SiSbtF23AstronomyModelPrototype18PolynomialMetadataV_Tg5
00000000000076a0 0000000000000013 t $ss15ContiguousArrayV16_createNewBuffer14bufferIsUnique15minimumCapacity13growForAppendySb_SiSbtF23AstronomyModelPrototype18VSOPSeriesMetadataV_Tg5
00000000000076c0 0000000000000013 t $ss15ContiguousArrayV16_createNewBuffer14bufferIsUnique15minimumCapacity13growForAppendySb_SiSbtF23AstronomyModelPrototype8SunPilotO4TermV_Tg5
0000000000007720 0000000000000013 t $ss15ContiguousArrayV16_createNewBuffer14bufferIsUnique15minimumCapacity13growForAppendySb_SiSbtFSd_Tg5
00000000000076e0 0000000000000013 t $ss15ContiguousArrayV16_createNewBuffer14bufferIsUnique15minimumCapacity13growForAppendySb_SiSbtFs5Int64V_Tg5
000000000001acfe 0000000000000013 r symbolic $ss12CaseIterableP
000000000001ae5e 0000000000000014 r symbolic _____y___________tG s23_ContiguousArrayStorageC s6UInt64V 23AstronomyModelPrototype10PilotEarthV
000000000001ae32 0000000000000014 r symbolic _____y___________tG s23_ContiguousArrayStorageC s6UInt64V 23AstronomyModelPrototype16PilotOrientationV
000000000000b1e0 0000000000000015 T $s23AstronomyModelPrototype9PilotTimeV2ut5modelACSd_AA0D6DeltaTOtcfC
0000000000019bd0 0000000000000016 t $s22AstronomyVSOPPrototype19GeneratedVSOPSeriesVwet
000000000000a020 0000000000000016 t $s23AstronomyModelPrototype11PilotMatrixVwet
000000000000bf70 0000000000000016 t $s23AstronomyModelPrototype13PilotObserverVwet
000000000000c020 0000000000000016 t $s23AstronomyModelPrototype16PilotObservationVwet
0000000000008240 0000000000000016 t $s23AstronomyModelPrototype18VSOPSeriesMetadataVwet
0000000000018a80 0000000000000016 t $s23AstronomySunPilotRunner0D0V8WorkloadVwet
000000000000ae50 0000000000000016 t __swift_memcpy17_8
0000000000014590 0000000000000017 t $s23AstronomySunPilotRunner0D0V8WorkloadV10CodingKeys33_0FF2CF0140E46AF66BC1C95760497CEBLLOs0F3KeyAAsAIP11stringValuexSgSS_tcfCTW
0000000000013750 0000000000000017 t $s23AstronomySunPilotRunner6SampleV10CodingKeys33_0FF2CF0140E46AF66BC1C95760497CEBLLOs0F3KeyAAsAGP11stringValuexSgSS_tcfCTW
00000000000071a0 0000000000000017 t __swift_memcpy24_8
000000000001a840 0000000000000018 r $s23AstronomyModelPrototype0C4BodyOSYAAMA
000000000001a858 0000000000000018 r $s23AstronomyModelPrototype0C4BodyOs12CaseIterableAAMA
00000000000073e0 0000000000000018 T $s23AstronomyModelPrototype10PilotEarthV6vectorAA0D6VectorVvg
000000000001a870 0000000000000018 r $s23AstronomyModelPrototype11PilotDeltaTOSYAAMA
000000000001a888 0000000000000018 r $s23AstronomyModelPrototype11PilotDeltaTOs12CaseIterableAAMA
000000000000c520 0000000000000018 T $s23AstronomyModelPrototype16PilotObservationV10geocentricAA0D6VectorVvg
0000000000008fa0 0000000000000019 t $s23AstronomyModelPrototype16PilotOrientationVwet
000000000000b260 0000000000000019 T $s23AstronomyModelPrototype9PilotTimeV6adding4daysACSd_tF
0000000000014610 0000000000000019 t $s23AstronomySunPilotRunner0D0V8WorkloadVSEAASE6encode2toys7Encoder_p_tKFTW
00000000000188e0 000000000000001a t $s20FoundationEssentials4DataV15_RepresentationOSgWOe
0000000000007560 000000000000001a t $s23AstronomyModelPrototype0C4BodyOSYAASY8rawValuexSg03RawF0Qz_tcfCTW
000000000000b290 000000000000001b T $s23AstronomyModelPrototype10PilotErrorO4hash4intoys6HasherVz_tF
0000000000d998b0 000000000000001c D $s22AstronomyVSOPPrototype19GeneratedVSOPSeriesVMn
000000000002f8fc 000000000000001c D $s23AstronomyModelPrototype0C4BodyOMn
000000000002f96c 000000000000001c D $s23AstronomyModelPrototype0cB4DataOMn
000000000002f684 000000000000001c D $s23AstronomyModelPrototype10PilotEarthVMn
000000000002fc88 000000000000001c D $s23AstronomyModelPrototype10PilotErrorOMn
000000000002f950 000000000000001c D $s23AstronomyModelPrototype11NutationRowVMn
000000000002fc50 000000000000001c D $s23AstronomyModelPrototype11PilotDeltaTOMn
000000000002fa20 000000000000001c d $s23AstronomyModelPrototype11PilotMatrixVMn
000000000002f668 000000000000001c D $s23AstronomyModelPrototype11PilotVectorVMn
000000000002fd10 000000000000001c D $s23AstronomyModelPrototype13PilotObserverVMn
000000000002fd48 000000000000001c D $s23AstronomyModelPrototype14PilotEvaluatorVMn
000000000002fd2c 000000000000001c D $s23AstronomyModelPrototype16PilotObservationVMn
000000000002f9f8 000000000000001c d $s23AstronomyModelPrototype16PilotOrientationV4TermVMn
000000000002f9d4 000000000000001c d $s23AstronomyModelPrototype16PilotOrientationVMn
000000000002f918 000000000000001c D $s23AstronomyModelPrototype18PolynomialMetadataVMn
000000000002f934 000000000000001c D $s23AstronomyModelPrototype18VSOPSeriesMetadataVMn
000000000002f64c 000000000000001c d $s23AstronomyModelPrototype8SunPilotO4TermVMn
000000000002f6a0 000000000000001c D $s23AstronomyModelPrototype8SunPilotOMn
000000000002fc6c 000000000000001c D $s23AstronomyModelPrototype9PilotTimeVMn
0000000000cae708 000000000000001c d $s23AstronomySunPilotRunner0D0V8WorkloadV10CodingKeys33_0FF2CF0140E46AF66BC1C95760497CEBLLOMn
0000000000cae664 000000000000001c d $s23AstronomySunPilotRunner0D0V8WorkloadVMn
0000000000cae63c 000000000000001c d $s23AstronomySunPilotRunner0D0VMn
0000000000cae72c 000000000000001c d $s23AstronomySunPilotRunner6SampleV10CodingKeys33_0FF2CF0140E46AF66BC1C95760497CEBLLOMn
0000000000cae688 000000000000001c d $s23AstronomySunPilotRunner6SampleVMn
0000000000018730 000000000000001c t $s23AstronomySunPilotRunner6SampleVWOh
000000000003029c 000000000000001c D $s32AstronomyModelPrototypeGenerated0D18PolynomialMetadataVMn
0000000000018900 000000000000001f t $s20FoundationEssentials15ContiguousBytes_pWOb
0000000000007500 000000000000001f t $s23AstronomyModelPrototype0C4BodyOSHAASH4hash4intoys6HasherVz_tFTW
000000000000a400 000000000000001f t $s23AstronomyModelPrototype10PilotErrorOSHAASH4hash4intoys6HasherVz_tFTW
00000000000144c0 000000000000001f t $s23AstronomySunPilotRunner0D0V8WorkloadV10CodingKeys33_0FF2CF0140E46AF66BC1C95760497CEBLLOSHAASH4hash4intoys6HasherVz_tFTW
00000000000145d0 000000000000001f t $s23AstronomySunPilotRunner0D0V8WorkloadV10CodingKeys33_0FF2CF0140E46AF66BC1C95760497CEBLLOs23CustomStringConvertibleAAsAIP11descriptionSSvgTW
00000000000145f0 000000000000001f t $s23AstronomySunPilotRunner0D0V8WorkloadV10CodingKeys33_0FF2CF0140E46AF66BC1C95760497CEBLLOs28CustomDebugStringConvertibleAAsAIP16debugDescriptionSSvgTW
0000000000013790 000000000000001f t $s23AstronomySunPilotRunner6SampleV10CodingKeys33_0FF2CF0140E46AF66BC1C95760497CEBLLOs23CustomStringConvertibleAAsAGP11descriptionSSvgTW
00000000000137b0 000000000000001f t $s23AstronomySunPilotRunner6SampleV10CodingKeys33_0FF2CF0140E46AF66BC1C95760497CEBLLOs28CustomDebugStringConvertibleAAsAGP16debugDescriptionSSvgTW
0000000000008220 000000000000001f t __swift_memcpy40_8
0000000000007250 000000000000001f t __swift_memcpy41_8
0000000000019ff0 0000000000000020 T $s22AstronomyVSOPPrototype19generatedVSOPSeriesSayAA09GeneratedD0VGvau
0000000000008690 0000000000000020 T $s23AstronomyModelPrototype0C4BodyO8allCasesSayACGvgZ
0000000000022fe0 0000000000000020 d $s23AstronomyModelPrototype0C4BodyOMf
0000000000022ff0 0000000000000020 D $s23AstronomyModelPrototype0C4BodyON
00000000000231c0 0000000000000020 d $s23AstronomyModelPrototype0cB4DataOMf
00000000000231d0 0000000000000020 D $s23AstronomyModelPrototype0cB4DataON
00000000000235c8 0000000000000020 d $s23AstronomyModelPrototype10PilotErrorOMf
00000000000235d8 0000000000000020 D $s23AstronomyModelPrototype10PilotErrorON
00000000000082a0 0000000000000020 t $s23AstronomyModelPrototype11NutationRowVwxx
000000000000b150 0000000000000020 T $s23AstronomyModelPrototype11PilotDeltaTO8allCasesSayACGvgZ
00000000000234b0 0000000000000020 d $s23AstronomyModelPrototype11PilotDeltaTOMf
00000000000234c0 0000000000000020 D $s23AstronomyModelPrototype11PilotDeltaTON
000000000000c090 0000000000000020 t $s23AstronomyModelPrototype14PilotEvaluatorVwxx
0000000000009e40 0000000000000020 t $s23AstronomyModelPrototype16PilotOrientationV4TermVwxx
0000000000022e48 0000000000000020 d $s23AstronomyModelPrototype8SunPilotOMf
0000000000022e58 0000000000000020 D $s23AstronomyModelPrototype8SunPilotON
0000000000023ab8 0000000000000020 d $s23AstronomySunPilotRunner0D0V8WorkloadV10CodingKeys33_0FF2CF0140E46AF66BC1C95760497CEBLLOMf
00000000000238c8 0000000000000020 d $s23AstronomySunPilotRunner0D0VMf
00000000000238d8 0000000000000020 d $s23AstronomySunPilotRunner0D0VN
0000000000023b48 0000000000000020 d $s23AstronomySunPilotRunner6SampleV10CodingKeys33_0FF2CF0140E46AF66BC1C95760497CEBLLOMf
000000000000d7e0 0000000000000020 T $s26AstronomyNutationPrototype19nutationIntegerBitsSays6UInt64VGvau
000000000000d800 0000000000000020 T $s26AstronomyNutationPrototype23nutationCoefficientBitsSays6UInt64VGvau
000000000000d540 0000000000000020 T $s32AstronomyModelPrototypeGenerated27generatedPolynomialMetadataSayAA0dfG0VGvau
000000000000f630 0000000000000020 T $s32AstronomyPolynomialMarsPrototype010polynomialC8ValiditySays5UInt8VGvau
000000000000d9f0 0000000000000020 T $s33AstronomyPolynomialEarthPrototype010polynomialC8ValiditySays5UInt8VGvau
00000000000130d0 0000000000000020 T $s33AstronomyPolynomialVenusPrototype010polynomialC8ValiditySays5UInt8VGvau
0000000000011e00 0000000000000020 T $s34AstronomyPolynomialSaturnPrototype010polynomialC8ValiditySays5UInt8VGvau
0000000000012990 0000000000000020 T $s34AstronomyPolynomialUranusPrototype010polynomialC8ValiditySays5UInt8VGvau
000000000000eef0 0000000000000020 T $s35AstronomyPolynomialJupiterPrototype010polynomialC8ValiditySays5UInt8VGvau
000000000000fd70 0000000000000020 T $s35AstronomyPolynomialMercuryPrototype010polynomialC8ValiditySays5UInt8VGvau
0000000000011270 0000000000000020 T $s35AstronomyPolynomialNeptunePrototype010polynomialC8ValiditySays5UInt8VGvau
00000000000002b0 0000000000000020 r __abi_tag
0000000000019b70 0000000000000022 t $s22AstronomyVSOPPrototype19GeneratedVSOPSeriesVwCP
0000000000007220 0000000000000022 t $s23AstronomyModelPrototype10PilotEarthVwCP
000000000000bfc0 0000000000000022 t $s23AstronomyModelPrototype16PilotObservationVwCP
0000000000008770 0000000000000022 T $s23AstronomyModelPrototype18PolynomialMetadataV14validitySHA256SSvg
0000000000008740 0000000000000022 T $s23AstronomyModelPrototype18PolynomialMetadataV17coefficientSHA256SSvg
00000000000086b0 0000000000000022 T $s23AstronomyModelPrototype18PolynomialMetadataV4nameSSvg
0000000000018ae0 0000000000000022 t $s23AstronomySunPilotRunner6SampleVwCP
000000000000d510 0000000000000022 T $s32AstronomyModelPrototypeGenerated0D18PolynomialMetadataV14validitySHA256SSvg
000000000000d4e0 0000000000000022 T $s32AstronomyModelPrototypeGenerated0D18PolynomialMetadataV17coefficientSHA256SSvg
000000000000d450 0000000000000022 T $s32AstronomyModelPrototypeGenerated0D18PolynomialMetadataV4nameSSvg
000000000000d110 0000000000000022 t $s32AstronomyModelPrototypeGenerated0D18PolynomialMetadataVwCP
0000000000018950 0000000000000022 t __swift_destroy_boxed_opaque_existential_1
0000000000008820 0000000000000023 T $s23AstronomyModelPrototype0cB4DataO16nutationRowCountSivgZ
00000000000196b0 0000000000000026 T AstronomySunPilotRunner_main
0000000000005ba0 0000000000000026 T _start
000000000000bf90 0000000000000027 t $s23AstronomyModelPrototype13PilotObserverVwst
0000000000007330 0000000000000027 t $s23AstronomyModelPrototype18PolynomialMetadataVWOc
0000000000018aa0 0000000000000027 t $s23AstronomySunPilotRunner0D0V8WorkloadVwst
0000000000019b40 0000000000000028 t $s22AstronomyVSOPPrototype19generatedVSOPSeries_WZ
000000000002f824 0000000000000028 D $s23AstronomyModelPrototype0C4BodyOSQAAMc
000000000002fc28 0000000000000028 D $s23AstronomyModelPrototype10PilotErrorOSQAAMc
000000000001a2d0 0000000000000028 r $s23AstronomyModelPrototype11NutationRowVMF
0000000000023188 0000000000000028 d $s23AstronomyModelPrototype11NutationRowVMf
0000000000023198 0000000000000028 D $s23AstronomyModelPrototype11NutationRowVN
000000000001a3f8 0000000000000028 r $s23AstronomyModelPrototype11PilotDeltaTOMF
000000000002fad8 0000000000000028 D $s23AstronomyModelPrototype11PilotDeltaTOSQAAMc
000000000001a3d0 0000000000000028 r $s23AstronomyModelPrototype16PilotOrientationV4TermVMF
00000000000232d0 0000000000000028 d $s23AstronomyModelPrototype16PilotOrientationV4TermVMf
00000000000232e0 0000000000000028 d $s23AstronomyModelPrototype16PilotOrientationV4TermVN
0000000000cae810 0000000000000028 d $s23AstronomySunPilotRunner0D0V8WorkloadV10CodingKeys33_0FF2CF0140E46AF66BC1C95760497CEBLLOSQAAMc
0000000000cae7e8 0000000000000028 d $s23AstronomySunPilotRunner0D0V8WorkloadV10CodingKeys33_0FF2CF0140E46AF66BC1C95760497CEBLLOs23CustomStringConvertibleAAMc
0000000000cae7c0 0000000000000028 d $s23AstronomySunPilotRunner0D0V8WorkloadV10CodingKeys33_0FF2CF0140E46AF66BC1C95760497CEBLLOs28CustomDebugStringConvertibleAAMc
0000000000cae6a4 0000000000000028 d $s23AstronomySunPilotRunner0D0V8WorkloadVSEAAMc
0000000000cae798 0000000000000028 d $s23AstronomySunPilotRunner6SampleV10CodingKeys33_0FF2CF0140E46AF66BC1C95760497CEBLLOSQAAMc
0000000000cae770 0000000000000028 d $s23AstronomySunPilotRunner6SampleV10CodingKeys33_0FF2CF0140E46AF66BC1C95760497CEBLLOs23CustomStringConvertibleAAMc
0000000000cae748 0000000000000028 d $s23AstronomySunPilotRunner6SampleV10CodingKeys33_0FF2CF0140E46AF66BC1C95760497CEBLLOs28CustomDebugStringConvertibleAAMc
0000000000cae6cc 0000000000000028 d $s23AstronomySunPilotRunner6SampleVSEAAMc
000000000000d0e0 0000000000000028 t $s32AstronomyModelPrototypeGenerated27generatedPolynomialMetadata_WZ
000000000000f460 0000000000000028 t $s32AstronomyPolynomialMarsPrototype010polynomialC8Validity_WZ
000000000000d820 0000000000000028 t $s33AstronomyPolynomialEarthPrototype010polynomialC8Validity_WZ
0000000000012f00 0000000000000028 t $s33AstronomyPolynomialVenusPrototype010polynomialC8Validity_WZ
0000000000011c30 0000000000000028 t $s34AstronomyPolynomialSaturnPrototype010polynomialC8Validity_WZ
00000000000127c0 0000000000000028 t $s34AstronomyPolynomialUranusPrototype010polynomialC8Validity_WZ
000000000000ed20 0000000000000028 t $s35AstronomyPolynomialJupiterPrototype010polynomialC8Validity_WZ
000000000000fba0 0000000000000028 t $s35AstronomyPolynomialMercuryPrototype010polynomialC8Validity_WZ
00000000000110a0 0000000000000028 t $s35AstronomyPolynomialNeptunePrototype010polynomialC8Validity_WZ
0000000000018920 0000000000000028 t __swift_project_boxed_opaque_existential_1
0000000000007f50 000000000000002a t $s23AstronomyModelPrototype18PolynomialMetadataVwxx
000000000000d140 000000000000002a t $s32AstronomyModelPrototypeGenerated0D18PolynomialMetadataVwxx
0000000000019bf0 000000000000002b t $s22AstronomyVSOPPrototype19GeneratedVSOPSeriesVwst
0000000000008260 000000000000002b t $s23AstronomyModelPrototype18VSOPSeriesMetadataVwst
0000000000018820 000000000000002c t $s20FoundationEssentials15ContiguousBytes_pSgWOh
0000000000007ce0 000000000000002d t $s23AstronomyModelPrototype0C4BodyOACSQAAWl
000000000000aca0 000000000000002d t $s23AstronomyModelPrototype10PilotErrorOACSQAAWl
0000000000007300 000000000000002d t $s23AstronomyModelPrototype10PilotErrorOACs0E0AAWl
00000000000082c0 000000000000002d t $s23AstronomyModelPrototype11NutationRowVwCPTm
0000000000008350 000000000000002d t $s23AstronomyModelPrototype11NutationRowVwta
000000000000abd0 000000000000002d t $s23AstronomyModelPrototype11PilotDeltaTOACSQAAWl
0000000000009e60 000000000000002d t $s23AstronomyModelPrototype16PilotOrientationV4TermVwCPTm
0000000000009ef0 000000000000002d t $s23AstronomyModelPrototype16PilotOrientationV4TermVwta
00000000000193f0 000000000000002d t $s23AstronomySunPilotRunner0D0V8WorkloadV10CodingKeys33_0FF2CF0140E46AF66BC1C95760497CEBLLOAHSQAAWl
00000000000190a0 000000000000002d t $s23AstronomySunPilotRunner0D0V8WorkloadV10CodingKeys33_0FF2CF0140E46AF66BC1C95760497CEBLLOAHs0F3KeyAAWl
0000000000019470 000000000000002d t $s23AstronomySunPilotRunner0D0V8WorkloadV10CodingKeys33_0FF2CF0140E46AF66BC1C95760497CEBLLOAHs23CustomStringConvertibleAAWl
0000000000019430 000000000000002d t $s23AstronomySunPilotRunner0D0V8WorkloadV10CodingKeys33_0FF2CF0140E46AF66BC1C95760497CEBLLOAHs28CustomDebugStringConvertibleAAWl
00000000000187f0 000000000000002d t $s23AstronomySunPilotRunner0D0V8WorkloadVAESEAAWl
00000000000193b0 000000000000002d t $s23AstronomySunPilotRunner6SampleV10CodingKeys33_0FF2CF0140E46AF66BC1C95760497CEBLLOAFSQAAWl
0000000000019070 000000000000002d t $s23AstronomySunPilotRunner6SampleV10CodingKeys33_0FF2CF0140E46AF66BC1C95760497CEBLLOAFs0F3KeyAAWl
00000000000194f0 000000000000002d t $s23AstronomySunPilotRunner6SampleV10CodingKeys33_0FF2CF0140E46AF66BC1C95760497CEBLLOAFs23CustomStringConvertibleAAWl
00000000000194b0 000000000000002d t $s23AstronomySunPilotRunner6SampleV10CodingKeys33_0FF2CF0140E46AF66BC1C95760497CEBLLOAFs28CustomDebugStringConvertibleAAWl
0000000000018750 000000000000002d t $s23AstronomySunPilotRunner6SampleVACSEAAWl
00000000000187c0 000000000000002d t $sS2SSysWl
0000000000007590 000000000000002e t $s23AstronomyModelPrototype0C4BodyOs12CaseIterableAAsADP8allCases03AllH0QzvgZTW
000000000000a390 000000000000002e t $s23AstronomyModelPrototype11PilotDeltaTOs12CaseIterableAAsADP8allCases03AllI0QzvgZTW
0000000000009ff0 000000000000002f t __swift_memcpy72_8
00000000000242f8 0000000000000030 d $s23AstronomyModelPrototype0C4BodyO8allCasesSayACGvgZTv_
0000000000022e18 0000000000000030 d $s23AstronomyModelPrototype10PilotEarthVMf
0000000000022e28 0000000000000030 D $s23AstronomyModelPrototype10PilotEarthVN
0000000000024380 0000000000000030 d $s23AstronomyModelPrototype11PilotDeltaTO8allCasesSayACGvgZTv_
00000000000243b0 0000000000000030 d $s23AstronomyModelPrototype11PilotDeltaTOs12CaseIterableAAsADP8allCases03AllI0QzvgZTWTv_
0000000000022d90 0000000000000030 d $s23AstronomyModelPrototype11PilotVectorVMf
0000000000022da0 0000000000000030 D $s23AstronomyModelPrototype11PilotVectorVN
0000000000023640 0000000000000030 d $s23AstronomyModelPrototype13PilotObserverVMf
0000000000023650 0000000000000030 D $s23AstronomyModelPrototype13PilotObserverVN
0000000000023768 0000000000000030 d $s23AstronomyModelPrototype14PilotEvaluatorVMf
0000000000023778 0000000000000030 D $s23AstronomyModelPrototype14PilotEvaluatorVN
0000000000022ec0 0000000000000030 d $s23AstronomyModelPrototype8SunPilotO4TermVMf
0000000000022ed0 0000000000000030 d $s23AstronomyModelPrototype8SunPilotO4TermVN
0000000000023528 0000000000000030 d $s23AstronomyModelPrototype9PilotTimeVMf
0000000000023538 0000000000000030 D $s23AstronomyModelPrototype9PilotTimeVN
000000000002d900 0000000000000030 d $s23AstronomySunPilotRunner0D0V11performanceyyKFZTv0_
000000000002d9b8 0000000000000030 d $s23AstronomySunPilotRunner0D0V4mainyyKFZTv_
0000000000023940 0000000000000030 d $s23AstronomySunPilotRunner0D0V8WorkloadVMf
0000000000023950 0000000000000030 d $s23AstronomySunPilotRunner0D0V8WorkloadVN
000000000002d930 0000000000000030 d $s23AstronomySunPilotRunner0D0V8rssStageyySSKFZTv_
000000000000b2b0 0000000000000031 T $s23AstronomyModelPrototype10PilotErrorO9hashValueSivg
0000000000007520 0000000000000032 t $s23AstronomyModelPrototype0C4BodyOSHAASH13_rawHashValue4seedS2i_tFTW
000000000000a420 0000000000000032 t $s23AstronomyModelPrototype10PilotErrorOSHAASH13_rawHashValue4seedS2i_tFTW
00000000000144f0 0000000000000032 t $s23AstronomySunPilotRunner6SampleV10CodingKeys33_0FF2CF0140E46AF66BC1C95760497CEBLLOSHAASH13_rawHashValue4seedS2i_tFTWTm
000000000000a040 0000000000000033 t $s23AstronomyModelPrototype11PilotMatrixVwst
000000000000c040 0000000000000033 t $s23AstronomyModelPrototype16PilotObservationVwst
00000000000074c0 0000000000000034 t $s23AstronomyModelPrototype0C4BodyOSHAASH9hashValueSivgTW
000000000001a120 0000000000000034 r $s23AstronomyModelPrototype10PilotEarthVMF
000000000000a3c0 0000000000000034 t $s23AstronomyModelPrototype10PilotErrorOSHAASH9hashValueSivgTW
000000000001a0ec 0000000000000034 r $s23AstronomyModelPrototype11PilotVectorVMF
000000000001a494 0000000000000034 r $s23AstronomyModelPrototype13PilotObserverVMF
000000000001a52c 0000000000000034 r $s23AstronomyModelPrototype14PilotEvaluatorVMF
000000000001a164 0000000000000034 r $s23AstronomyModelPrototype8SunPilotO4TermVMF
000000000001a420 0000000000000034 r $s23AstronomyModelPrototype9PilotTimeVMF
000000000001a7c0 0000000000000034 r $s23AstronomySunPilotRunner0D0V8WorkloadV10CodingKeys33_0FF2CF0140E46AF66BC1C95760497CEBLLOMF
000000000001a6ac 0000000000000034 r $s23AstronomySunPilotRunner0D0V8WorkloadVMF
0000000000014480 0000000000000034 t $s23AstronomySunPilotRunner6SampleV10CodingKeys33_0FF2CF0140E46AF66BC1C95760497CEBLLOSHAASH9hashValueSivgTWTm
000000000000c0b0 0000000000000035 t $s23AstronomyModelPrototype14PilotEvaluatorVwCPTm
0000000000007d20 0000000000000035 t $sSay23AstronomyModelPrototype0C4BodyOGSayxGSlsWl
000000000000ac10 0000000000000035 t $sSay23AstronomyModelPrototype11PilotDeltaTOGSayxGSlsWl
00000000000079a0 0000000000000037 t __swift_instantiateConcreteTypeFromMangledName
00000000000080c0 0000000000000037 t __swift_memcpy96_8
0000000000023c50 0000000000000038 d $s22AstronomyVSOPPrototype19GeneratedVSOPSeriesVMf
0000000000023c60 0000000000000038 D $s22AstronomyVSOPPrototype19GeneratedVSOPSeriesVN
000000000002f88c 0000000000000038 D $s23AstronomyModelPrototype0C4BodyOSYAAMc
000000000002f8c4 0000000000000038 D $s23AstronomyModelPrototype0C4BodyOs12CaseIterableAAMc
000000000002fbf0 0000000000000038 D $s23AstronomyModelPrototype10PilotErrorOs0E0AAMc
000000000002fb40 0000000000000038 D $s23AstronomyModelPrototype11PilotDeltaTOSYAAMc
000000000002fb78 0000000000000038 D $s23AstronomyModelPrototype11PilotDeltaTOs12CaseIterableAAMc
000000000000c150 0000000000000038 t $s23AstronomyModelPrototype14PilotEvaluatorVwta
0000000000023238 0000000000000038 d $s23AstronomyModelPrototype16PilotOrientationVMf
0000000000023248 0000000000000038 d $s23AstronomyModelPrototype16PilotOrientationVN
00000000000230f8 0000000000000038 d $s23AstronomyModelPrototype18VSOPSeriesMetadataVMf
0000000000023108 0000000000000038 D $s23AstronomyModelPrototype18VSOPSeriesMetadataVN
0000000000007420 0000000000000038 T $s23AstronomyModelPrototype8SunPilotO5earth2tt15forceFullSeries04fullJ14AmplitudeScaleAA0E5EarthVSd_SbSdtKFZ
000000000000b170 000000000000003a T $s23AstronomyModelPrototype11PilotDeltaTO8rawValueSSvg
0000000000007d60 000000000000003b t __swift_instantiateConcreteTypeFromMangledNameAbstract
0000000000008380 000000000000003c t $s23AstronomyModelPrototype11NutationRowVwet
000000000000c190 000000000000003c t $s23AstronomyModelPrototype14PilotEvaluatorVwet
0000000000009f20 000000000000003c t $s23AstronomyModelPrototype16PilotOrientationV4TermVwet
000000000000ae70 000000000000003c t $s23AstronomyModelPrototype9PilotTimeVwet
0000000000008180 000000000000003d t $s23AstronomyModelPrototype18PolynomialMetadataVwet
000000000000d370 000000000000003d t $s32AstronomyModelPrototypeGenerated0D18PolynomialMetadataVwet
0000000000007270 000000000000003e t $s23AstronomyModelPrototype10PilotEarthVwet
0000000000018780 000000000000003f t $s20FoundationEssentials4DataV15_RepresentationOWOe
00000000000188a0 000000000000003f t $s20FoundationEssentials4DataV15_RepresentationOWOy
000000000002f84c 0000000000000040 D $s23AstronomyModelPrototype0C4BodyOSHAAMc
000000000001a454 0000000000000040 r $s23AstronomyModelPrototype10PilotErrorOMF
000000000002fbb0 0000000000000040 D $s23AstronomyModelPrototype10PilotErrorOSHAAMc
000000000002fb00 0000000000000040 D $s23AstronomyModelPrototype11PilotDeltaTOSHAAMc
00000000000236c8 0000000000000040 d $s23AstronomyModelPrototype16PilotObservationVMf
00000000000236d8 0000000000000040 D $s23AstronomyModelPrototype16PilotObservationVN
0000000000cae878 0000000000000040 d $s23AstronomySunPilotRunner0D0V8WorkloadV10CodingKeys33_0FF2CF0140E46AF66BC1C95760497CEBLLOSHAAMc
0000000000cae838 0000000000000040 d $s23AstronomySunPilotRunner6SampleV10CodingKeys33_0FF2CF0140E46AF66BC1C95760497CEBLLOSHAAMc
0000000000018f80 0000000000000040 t $s23AstronomySunPilotRunner6SampleVwet
000000000000c1d0 0000000000000041 t $s23AstronomyModelPrototype14PilotEvaluatorVwst
00000000000083c0 0000000000000042 t $s23AstronomyModelPrototype11NutationRowVwst
000000000000a340 0000000000000042 t $s23AstronomyModelPrototype11PilotDeltaTOSYAASY8rawValue03RawG0QzvgTW
0000000000009f60 0000000000000042 t $s23AstronomyModelPrototype16PilotOrientationV4TermVwst
0000000000018670 0000000000000045 t $sSTsSQ7ElementRpzrlE8containsySbABFSbABXEfU_SaySSG_TG5TATm
0000000000023350 0000000000000048 d $s23AstronomyModelPrototype11PilotMatrixVMf
0000000000023360 0000000000000048 d $s23AstronomyModelPrototype11PilotMatrixVN
0000000000023058 0000000000000048 d $s23AstronomyModelPrototype18PolynomialMetadataVMf
0000000000023068 0000000000000048 D $s23AstronomyModelPrototype18PolynomialMetadataVN
000000000000aeb0 0000000000000048 t $s23AstronomyModelPrototype9PilotTimeVwst
0000000000023838 0000000000000048 d $s32AstronomyModelPrototypeGenerated0D18PolynomialMetadataVMf
0000000000023848 0000000000000048 D $s32AstronomyModelPrototypeGenerated0D18PolynomialMetadataVN
0000000000018850 000000000000004b t $s20FoundationEssentials4DataVyACxcSTRzs5UInt8V7ElementRtzlufc8IteratorQz_SitSwXEfU1_SS8UTF8ViewV_TG5TA
00000000000072b0 000000000000004b t $s23AstronomyModelPrototype10PilotEarthVwst
000000000001a7f4 000000000000004c r $s22AstronomyVSOPPrototype19GeneratedVSOPSeriesVMF
000000000001a308 000000000000004c r $s23AstronomyModelPrototype16PilotOrientationVMF
000000000001a284 000000000000004c r $s23AstronomyModelPrototype18VSOPSeriesMetadataVMF
00000000000082f0 000000000000004d t $s23AstronomyModelPrototype11NutationRowVwca
0000000000009e90 000000000000004d t $s23AstronomyModelPrototype16PilotOrientationV4TermVwca
0000000000015190 000000000000004e t $sSw17withMemoryRebound2to_q0_xm_q0_SryxGq_YKXEtq_YKs5ErrorR_Ri_zRi_0_r1_lFs5UInt8V_s5NeverOs16IndexingIteratorVySS8UTF8ViewVG_SitTt1g5
0000000000cae8b8 0000000000000050 d $s23AstronomySunPilotRunner0D0V8WorkloadV10CodingKeys33_0FF2CF0140E46AF66BC1C95760497CEBLLOs0F3KeyAAMc
0000000000cae908 0000000000000050 d $s23AstronomySunPilotRunner6SampleV10CodingKeys33_0FF2CF0140E46AF66BC1C95760497CEBLLOs0F3KeyAAMc
000000000000a1f0 0000000000000051 t $s23AstronomyModelPrototype11PilotDeltaTOSHAASH4hash4intoys6HasherVz_tFTW
000000000000b200 0000000000000052 T $s23AstronomyModelPrototype9PilotTimeV2ut2tt5modelACSd_SdAA0D6DeltaTOtcfC
0000000000015a30 0000000000000053 t $s20FoundationEssentials4DataVyACxcSTRzs5UInt8V7ElementRtzlufc8IteratorQz_SitSwXEfU1_AI_SitSryAEGXEfU_SS8UTF8ViewV_TG5
0000000000008fc0 0000000000000054 t $s23AstronomyModelPrototype16PilotOrientationVwst
00000000000153c0 0000000000000055 t $ss22__RawDictionaryStorageC4findys10_HashTableV6BucketV6bucket_Sb5foundtxSHRzlFSS_Tg5
0000000000023bf8 0000000000000058 d $s22AstronomyVSOPPrototype19GeneratedVSOPSeriesVWV
0000000000022dc0 0000000000000058 d $s23AstronomyModelPrototype10PilotEarthVWV
0000000000023130 0000000000000058 d $s23AstronomyModelPrototype11NutationRowVWV
0000000000024328 0000000000000058 d $s23AstronomyModelPrototype11PilotDeltaTO8rawValueACSgSS_tcfCTv_
000000000002d960 0000000000000058 d $s23AstronomyModelPrototype11PilotDeltaTO8rawValueACSgSS_tcfCTv_
00000000000232f8 0000000000000058 d $s23AstronomyModelPrototype11PilotMatrixVWV
0000000000022d38 0000000000000058 d $s23AstronomyModelPrototype11PilotVectorVWV
00000000000235e8 0000000000000058 d $s23AstronomyModelPrototype13PilotObserverVWV
0000000000023710 0000000000000058 d $s23AstronomyModelPrototype14PilotEvaluatorVWV
000000000000c0f0 0000000000000058 t $s23AstronomyModelPrototype14PilotEvaluatorVwca
0000000000023670 0000000000000058 d $s23AstronomyModelPrototype16PilotObservationVWV
0000000000023278 0000000000000058 d $s23AstronomyModelPrototype16PilotOrientationV4TermVWV
00000000000231e0 0000000000000058 d $s23AstronomyModelPrototype16PilotOrientationVWV
0000000000023000 0000000000000058 d $s23AstronomyModelPrototype18PolynomialMetadataVWV
00000000000230a0 0000000000000058 d $s23AstronomyModelPrototype18VSOPSeriesMetadataVWV
0000000000022e68 0000000000000058 d $s23AstronomyModelPrototype8SunPilotO4TermVWV
00000000000234d0 0000000000000058 d $s23AstronomyModelPrototype9PilotTimeVWV
00000000000238e8 0000000000000058 d $s23AstronomySunPilotRunner0D0V8WorkloadVWV
0000000000023970 0000000000000058 d $s23AstronomySunPilotRunner6SampleVWV
00000000000237e0 0000000000000058 d $s32AstronomyModelPrototypeGenerated0D18PolynomialMetadataVWV
00000000000081c0 000000000000005a t $s23AstronomyModelPrototype18PolynomialMetadataVwst
000000000000d3b0 000000000000005a t $s32AstronomyModelPrototypeGenerated0D18PolynomialMetadataVwst
00000000000189a0 000000000000005a t $sSDySS23AstronomySunPilotRunner0D0V8WorkloadVGSDyxq_GSEsSERzSER_rlWl
000000000000b0f0 000000000000005c T $s23AstronomyModelPrototype11PilotDeltaTO8rawValueACSgSS_tcfC
0000000000014530 000000000000005e t $s23AstronomySunPilotRunner0D0V8WorkloadV10CodingKeys33_0FF2CF0140E46AF66BC1C95760497CEBLLOs0F3KeyAAsAIP11stringValueSSvgTW
0000000000d999f0 0000000000000060 b $s23AstronomyModelPrototype8SunPilotO13earthMetadataAA010PolynomialG0VvpZ
00000000000239c8 0000000000000060 d $s23AstronomySunPilotRunner6SampleVMf
00000000000239d8 0000000000000060 d $s23AstronomySunPilotRunner6SampleVN
000000000001a4c8 0000000000000064 r $s23AstronomyModelPrototype16PilotObservationVMF
0000000000008610 000000000000006b T $s23AstronomyModelPrototype0cB4DataO20polynomialBitPattern4body5indexs6UInt64VSgAA0C4BodyO_SitFZ
000000000000a2d0 000000000000006b t $s23AstronomyModelPrototype11PilotDeltaTOSYAASY8rawValuexSg03RawG0Qz_tcfCTW
0000000000008590 000000000000006c T $s23AstronomyModelPrototype0cB4DataO19vsopTermBitPatterns2ats6UInt64V9amplitude_AG5phaseAG9frequencytSgSi_tFZ
0000000000017320 000000000000006f t $sSysE2eeoiySbx_qd__tSyRd__lFZSs_SSTgq5Tf4nnd_n
000000000001a198 0000000000000070 r $s23AstronomyModelPrototype0C4BodyOMF
0000000000022f70 0000000000000070 d $s23AstronomyModelPrototype0C4BodyOWV
0000000000023558 0000000000000070 d $s23AstronomyModelPrototype10PilotErrorOWV
0000000000023440 0000000000000070 d $s23AstronomyModelPrototype11PilotDeltaTOWV
0000000000023a48 0000000000000070 d $s23AstronomySunPilotRunner0D0V8WorkloadV10CodingKeys33_0FF2CF0140E46AF66BC1C95760497CEBLLOWV
0000000000023ad8 0000000000000070 d $s23AstronomySunPilotRunner6SampleV10CodingKeys33_0FF2CF0140E46AF66BC1C95760497CEBLLOWV
00000000000160d0 0000000000000073 t $s20FoundationEssentials4DataV11InlineSliceVyAESWcfCTf4nd_n
0000000000007900 0000000000000074 t $s23AstronomyModelPrototype0cB4DataO18polynomialValidity4body7segmentSbSgAA0C4BodyO_SitFZTf4nnd_n
000000000000a250 0000000000000074 t $s23AstronomyModelPrototype11PilotDeltaTOSHAASH13_rawHashValue4seedS2i_tFTW
000000000000a170 0000000000000076 t $s23AstronomyModelPrototype11PilotDeltaTOSHAASH9hashValueSivgTW
0000000000007f80 0000000000000076 t $s23AstronomyModelPrototype18PolynomialMetadataVwcp
000000000000d570 0000000000000076 t $s26AstronomyNutationPrototype19nutationIntegerBits_WZ
000000000000d5f0 0000000000000076 t $s26AstronomyNutationPrototype23nutationCoefficientBits_WZ
000000000000d170 0000000000000076 t $s32AstronomyModelPrototypeGenerated0D18PolynomialMetadataVwcp
000000000002d888 0000000000000078 d $s23AstronomySunPilotRunner0D0V11performanceyyKFZTv_
0000000000008100 0000000000000079 t $s23AstronomyModelPrototype18PolynomialMetadataVwta
000000000000d2f0 0000000000000079 t $s32AstronomyModelPrototypeGenerated0D18PolynomialMetadataVwta
000000000000acf0 000000000000007b t $s23AstronomyModelPrototype11PilotDeltaTOwet
0000000000007dc0 000000000000007c t $s23AstronomyModelPrototype0C4BodyOwet
000000000000af00 000000000000007c t $s23AstronomyModelPrototype10PilotErrorOwet
000000000001a354 000000000000007c r $s23AstronomyModelPrototype11PilotMatrixVMF
000000000001a208 000000000000007c r $s23AstronomyModelPrototype18PolynomialMetadataVMF
00000000000190e0 000000000000007c t $s23AstronomySunPilotRunner0D0V8WorkloadV10CodingKeys33_0FF2CF0140E46AF66BC1C95760497CEBLLOwet
0000000000019250 000000000000007c t $s23AstronomySunPilotRunner6SampleV10CodingKeys33_0FF2CF0140E46AF66BC1C95760497CEBLLOwet
000000000001a560 000000000000007c r $s32AstronomyModelPrototypeGenerated0D18PolynomialMetadataVMF
0000000000016050 000000000000007e t $s20FoundationEssentials4DataV10LargeSliceVyAESWcfCTf4nd_n
0000000000d99b00 0000000000000080 b $s23AstronomyModelPrototype0C4BodyOSHAAMcMK
0000000000d99a70 0000000000000080 b $s23AstronomyModelPrototype0C4BodyOSQAAMcMK
0000000000d99b80 0000000000000080 b $s23AstronomyModelPrototype0C4BodyOSYAAMcMK
0000000000d99c10 0000000000000080 b $s23AstronomyModelPrototype0C4BodyOs12CaseIterableAAMcMK
0000000000d99ed0 0000000000000080 b $s23AstronomyModelPrototype10PilotErrorOSHAAMcMK
0000000000d99fd0 0000000000000080 b $s23AstronomyModelPrototype10PilotErrorOSQAAMcMK
0000000000d99f50 0000000000000080 b $s23AstronomyModelPrototype10PilotErrorOs0E0AAMcMK
0000000000d99d30 0000000000000080 b $s23AstronomyModelPrototype11PilotDeltaTOSHAAMcMK
0000000000d99ca0 0000000000000080 b $s23AstronomyModelPrototype11PilotDeltaTOSQAAMcMK
0000000000d99db0 0000000000000080 b $s23AstronomyModelPrototype11PilotDeltaTOSYAAMcMK
0000000000d99e40 0000000000000080 b $s23AstronomyModelPrototype11PilotDeltaTOs12CaseIterableAAMcMK
0000000000d9ab00 0000000000000080 b $s23AstronomySunPilotRunner0D0V8WorkloadV10CodingKeys33_0FF2CF0140E46AF66BC1C95760497CEBLLOSHAAMcMK
0000000000d9ab80 0000000000000080 b $s23AstronomySunPilotRunner0D0V8WorkloadV10CodingKeys33_0FF2CF0140E46AF66BC1C95760497CEBLLOSQAAMcMK
0000000000d9ac10 0000000000000080 b $s23AstronomySunPilotRunner0D0V8WorkloadV10CodingKeys33_0FF2CF0140E46AF66BC1C95760497CEBLLOs0F3KeyAAMcMK
0000000000d9aa70 0000000000000080 b $s23AstronomySunPilotRunner0D0V8WorkloadV10CodingKeys33_0FF2CF0140E46AF66BC1C95760497CEBLLOs23CustomStringConvertibleAAMcMK
0000000000d9a9f0 0000000000000080 b $s23AstronomySunPilotRunner0D0V8WorkloadV10CodingKeys33_0FF2CF0140E46AF66BC1C95760497CEBLLOs28CustomDebugStringConvertibleAAMcMK
0000000000d9a6d0 0000000000000080 b $s23AstronomySunPilotRunner0D0V8WorkloadVSEAAMcMK
0000000000d9a8f0 0000000000000080 b $s23AstronomySunPilotRunner6SampleV10CodingKeys33_0FF2CF0140E46AF66BC1C95760497CEBLLOSHAAMcMK
0000000000d9a970 0000000000000080 b $s23AstronomySunPilotRunner6SampleV10CodingKeys33_0FF2CF0140E46AF66BC1C95760497CEBLLOSQAAMcMK
0000000000d9aca0 0000000000000080 b $s23AstronomySunPilotRunner6SampleV10CodingKeys33_0FF2CF0140E46AF66BC1C95760497CEBLLOs0F3KeyAAMcMK
0000000000d9a860 0000000000000080 b $s23AstronomySunPilotRunner6SampleV10CodingKeys33_0FF2CF0140E46AF66BC1C95760497CEBLLOs23CustomStringConvertibleAAMcMK
0000000000d9a7e0 0000000000000080 b $s23AstronomySunPilotRunner6SampleV10CodingKeys33_0FF2CF0140E46AF66BC1C95760497CEBLLOs28CustomDebugStringConvertibleAAMcMK
0000000000d9a750 0000000000000080 b $s23AstronomySunPilotRunner6SampleVSEAAMcMK
000000000000b060 0000000000000085 T $s23AstronomyModelPrototype11PilotDeltaTO7seconds2utS2d_tF
000000000000a0d0 0000000000000091 t $s23AstronomyModelPrototype11PilotDeltaTOSQAASQ2eeoiySbx_xtFZTW
000000000000c560 0000000000000091 T $s23AstronomyModelPrototype8SunPilotO7observe4time8observerAA0E11ObservationVAA0E4TimeV_AA0E8ObserverVtKFZ
00000000000150f0 0000000000000095 t $s20FoundationEssentials4DataVyACxcSTRzs5UInt8V7ElementRtzlufcAC15_RepresentationOSWXEfU_
0000000000018fc0 0000000000000095 t $s23AstronomySunPilotRunner6SampleVwst
0000000000016150 0000000000000096 t $s20FoundationEssentials4DataVyACxcSTRzs5UInt8V7ElementRtzlufCSayAEG_Tt0g5Tf4g_n
00000000000196e0 0000000000000098 t $s22AstronomyVSOPPrototype13vsopTermBits0_WZ
0000000000019780 0000000000000098 t $s22AstronomyVSOPPrototype13vsopTermBits1_WZ
0000000000019820 0000000000000098 t $s22AstronomyVSOPPrototype13vsopTermBits2_WZ
00000000000198c0 0000000000000098 t $s22AstronomyVSOPPrototype13vsopTermBits3_WZ
0000000000019960 0000000000000098 t $s22AstronomyVSOPPrototype13vsopTermBits4_WZ
0000000000019a00 0000000000000098 t $s22AstronomyVSOPPrototype13vsopTermBits5_WZ
0000000000019aa0 0000000000000098 t $s22AstronomyVSOPPrototype13vsopTermBits6_WZ
000000000000f7e0 0000000000000098 t $s32AstronomyPolynomialMarsPrototype010polynomialC5Bits0_WZ
000000000000f880 0000000000000098 t $s32AstronomyPolynomialMarsPrototype010polynomialC5Bits1_WZ
000000000000f920 0000000000000098 t $s32AstronomyPolynomialMarsPrototype010polynomialC5Bits2_WZ
000000000000f9c0 0000000000000098 t $s32AstronomyPolynomialMarsPrototype010polynomialC5Bits3_WZ
000000000000fa60 0000000000000098 t $s32AstronomyPolynomialMarsPrototype010polynomialC5Bits4_WZ
000000000000fb00 0000000000000098 t $s32AstronomyPolynomialMarsPrototype010polynomialC5Bits5_WZ
000000000000df60 0000000000000098 t $s33AstronomyPolynomialEarthPrototype010polynomialC5Bits0_WZ
000000000000e000 0000000000000098 t $s33AstronomyPolynomialEarthPrototype010polynomialC5Bits1_WZ
000000000000e6e0 0000000000000098 t $s33AstronomyPolynomialEarthPrototype010polynomialC5Bits2_WZ
000000000000e8c0 0000000000000098 t $s33AstronomyPolynomialEarthPrototype010polynomialC5Bits3_WZ
000000000000e960 0000000000000098 t $s33AstronomyPolynomialEarthPrototype010polynomialC5Bits4_WZ
000000000000ea00 0000000000000098 t $s33AstronomyPolynomialEarthPrototype010polynomialC5Bits5_WZ
000000000000eaa0 0000000000000098 t $s33AstronomyPolynomialEarthPrototype010polynomialC5Bits6_WZ
000000000000eb40 0000000000000098 t $s33AstronomyPolynomialEarthPrototype010polynomialC5Bits7_WZ
000000000000ebe0 0000000000000098 t $s33AstronomyPolynomialEarthPrototype010polynomialC5Bits8_WZ
000000000000ec80 0000000000000098 t $s33AstronomyPolynomialEarthPrototype010polynomialC5Bits9_WZ
000000000000e0a0 0000000000000098 t $s33AstronomyPolynomialEarthPrototype010polynomialC6Bits10_WZ
000000000000e140 0000000000000098 t $s33AstronomyPolynomialEarthPrototype010polynomialC6Bits11_WZ
000000000000e1e0 0000000000000098 t $s33AstronomyPolynomialEarthPrototype010polynomialC6Bits12_WZ
000000000000e280 0000000000000098 t $s33AstronomyPolynomialEarthPrototype010polynomialC6Bits13_WZ
000000000000e320 0000000000000098 t $s33AstronomyPolynomialEarthPrototype010polynomialC6Bits14_WZ
000000000000e3c0 0000000000000098 t $s33AstronomyPolynomialEarthPrototype010polynomialC6Bits15_WZ
000000000000e460 0000000000000098 t $s33AstronomyPolynomialEarthPrototype010polynomialC6Bits16_WZ
000000000000e500 0000000000000098 t $s33AstronomyPolynomialEarthPrototype010polynomialC6Bits17_WZ
000000000000e5a0 0000000000000098 t $s33AstronomyPolynomialEarthPrototype010polynomialC6Bits18_WZ
000000000000e640 0000000000000098 t $s33AstronomyPolynomialEarthPrototype010polynomialC6Bits19_WZ
000000000000e780 0000000000000098 t $s33AstronomyPolynomialEarthPrototype010polynomialC6Bits20_WZ
000000000000e820 0000000000000098 t $s33AstronomyPolynomialEarthPrototype010polynomialC6Bits21_WZ
0000000000013280 0000000000000098 t $s33AstronomyPolynomialVenusPrototype010polynomialC5Bits0_WZ
0000000000013320 0000000000000098 t $s33AstronomyPolynomialVenusPrototype010polynomialC5Bits1_WZ
00000000000133c0 0000000000000098 t $s33AstronomyPolynomialVenusPrototype010polynomialC5Bits2_WZ
0000000000013460 0000000000000098 t $s33AstronomyPolynomialVenusPrototype010polynomialC5Bits3_WZ
0000000000013500 0000000000000098 t $s33AstronomyPolynomialVenusPrototype010polynomialC5Bits4_WZ
00000000000135a0 0000000000000098 t $s33AstronomyPolynomialVenusPrototype010polynomialC5Bits5_WZ
00000000000120e0 0000000000000098 t $s34AstronomyPolynomialSaturnPrototype010polynomialC5Bits0_WZ
0000000000012180 0000000000000098 t $s34AstronomyPolynomialSaturnPrototype010polynomialC5Bits1_WZ
00000000000122c0 0000000000000098 t $s34AstronomyPolynomialSaturnPrototype010polynomialC5Bits2_WZ
0000000000012360 0000000000000098 t $s34AstronomyPolynomialSaturnPrototype010polynomialC5Bits3_WZ
0000000000012400 0000000000000098 t $s34AstronomyPolynomialSaturnPrototype010polynomialC5Bits4_WZ
00000000000124a0 0000000000000098 t $s34AstronomyPolynomialSaturnPrototype010polynomialC5Bits5_WZ
0000000000012540 0000000000000098 t $s34AstronomyPolynomialSaturnPrototype010polynomialC5Bits6_WZ
00000000000125e0 0000000000000098 t $s34AstronomyPolynomialSaturnPrototype010polynomialC5Bits7_WZ
0000000000012680 0000000000000098 t $s34AstronomyPolynomialSaturnPrototype010polynomialC5Bits8_WZ
0000000000012720 0000000000000098 t $s34AstronomyPolynomialSaturnPrototype010polynomialC5Bits9_WZ
0000000000012220 0000000000000098 t $s34AstronomyPolynomialSaturnPrototype010polynomialC6Bits10_WZ
0000000000012b40 0000000000000098 t $s34AstronomyPolynomialUranusPrototype010polynomialC5Bits0_WZ
0000000000012be0 0000000000000098 t $s34AstronomyPolynomialUranusPrototype010polynomialC5Bits1_WZ
0000000000012c80 0000000000000098 t $s34AstronomyPolynomialUranusPrototype010polynomialC5Bits2_WZ
0000000000012d20 0000000000000098 t $s34AstronomyPolynomialUranusPrototype010polynomialC5Bits3_WZ
0000000000012dc0 0000000000000098 t $s34AstronomyPolynomialUranusPrototype010polynomialC5Bits4_WZ
0000000000012e60 0000000000000098 t $s34AstronomyPolynomialUranusPrototype010polynomialC5Bits5_WZ
000000000000f0a0 0000000000000098 t $s35AstronomyPolynomialJupiterPrototype010polynomialC5Bits0_WZ
000000000000f140 0000000000000098 t $s35AstronomyPolynomialJupiterPrototype010polynomialC5Bits1_WZ
000000000000f1e0 0000000000000098 t $s35AstronomyPolynomialJupiterPrototype010polynomialC5Bits2_WZ
000000000000f280 0000000000000098 t $s35AstronomyPolynomialJupiterPrototype010polynomialC5Bits3_WZ
000000000000f320 0000000000000098 t $s35AstronomyPolynomialJupiterPrototype010polynomialC5Bits4_WZ
000000000000f3c0 0000000000000098 t $s35AstronomyPolynomialJupiterPrototype010polynomialC5Bits5_WZ
00000000000102e0 0000000000000098 t $s35AstronomyPolynomialMercuryPrototype010polynomialC5Bits0_WZ
0000000000010380 0000000000000098 t $s35AstronomyPolynomialMercuryPrototype010polynomialC5Bits1_WZ
0000000000010a60 0000000000000098 t $s35AstronomyPolynomialMercuryPrototype010polynomialC5Bits2_WZ
0000000000010c40 0000000000000098 t $s35AstronomyPolynomialMercuryPrototype010polynomialC5Bits3_WZ
0000000000010ce0 0000000000000098 t $s35AstronomyPolynomialMercuryPrototype010polynomialC5Bits4_WZ
0000000000010d80 0000000000000098 t $s35AstronomyPolynomialMercuryPrototype010polynomialC5Bits5_WZ
0000000000010e20 0000000000000098 t $s35AstronomyPolynomialMercuryPrototype010polynomialC5Bits6_WZ
0000000000010ec0 0000000000000098 t $s35AstronomyPolynomialMercuryPrototype010polynomialC5Bits7_WZ
0000000000010f60 0000000000000098 t $s35AstronomyPolynomialMercuryPrototype010polynomialC5Bits8_WZ
0000000000011000 0000000000000098 t $s35AstronomyPolynomialMercuryPrototype010polynomialC5Bits9_WZ
0000000000010420 0000000000000098 t $s35AstronomyPolynomialMercuryPrototype010polynomialC6Bits10_WZ
00000000000104c0 0000000000000098 t $s35AstronomyPolynomialMercuryPrototype010polynomialC6Bits11_WZ
0000000000010560 0000000000000098 t $s35AstronomyPolynomialMercuryPrototype010polynomialC6Bits12_WZ
0000000000010600 0000000000000098 t $s35AstronomyPolynomialMercuryPrototype010polynomialC6Bits13_WZ
00000000000106a0 0000000000000098 t $s35AstronomyPolynomialMercuryPrototype010polynomialC6Bits14_WZ
0000000000010740 0000000000000098 t $s35AstronomyPolynomialMercuryPrototype010polynomialC6Bits15_WZ
00000000000107e0 0000000000000098 t $s35AstronomyPolynomialMercuryPrototype010polynomialC6Bits16_WZ
0000000000010880 0000000000000098 t $s35AstronomyPolynomialMercuryPrototype010polynomialC6Bits17_WZ
0000000000010920 0000000000000098 t $s35AstronomyPolynomialMercuryPrototype010polynomialC6Bits18_WZ
00000000000109c0 0000000000000098 t $s35AstronomyPolynomialMercuryPrototype010polynomialC6Bits19_WZ
0000000000010b00 0000000000000098 t $s35AstronomyPolynomialMercuryPrototype010polynomialC6Bits20_WZ
0000000000010ba0 0000000000000098 t $s35AstronomyPolynomialMercuryPrototype010polynomialC6Bits21_WZ
0000000000011550 0000000000000098 t $s35AstronomyPolynomialNeptunePrototype010polynomialC5Bits0_WZ
00000000000115f0 0000000000000098 t $s35AstronomyPolynomialNeptunePrototype010polynomialC5Bits1_WZ
0000000000011730 0000000000000098 t $s35AstronomyPolynomialNeptunePrototype010polynomialC5Bits2_WZ
00000000000117d0 0000000000000098 t $s35AstronomyPolynomialNeptunePrototype010polynomialC5Bits3_WZ
0000000000011870 0000000000000098 t $s35AstronomyPolynomialNeptunePrototype010polynomialC5Bits4_WZ
0000000000011910 0000000000000098 t $s35AstronomyPolynomialNeptunePrototype010polynomialC5Bits5_WZ
00000000000119b0 0000000000000098 t $s35AstronomyPolynomialNeptunePrototype010polynomialC5Bits6_WZ
0000000000011a50 0000000000000098 t $s35AstronomyPolynomialNeptunePrototype010polynomialC5Bits7_WZ
0000000000011af0 0000000000000098 t $s35AstronomyPolynomialNeptunePrototype010polynomialC5Bits8_WZ
0000000000011b90 0000000000000098 t $s35AstronomyPolynomialNeptunePrototype010polynomialC5Bits9_WZ
0000000000011690 0000000000000098 t $s35AstronomyPolynomialNeptunePrototype010polynomialC6Bits10_WZ
0000000000015980 00000000000000a1 t $ss11_StringGutsV27_slowEnsureMatchingEncodingySS5IndexVAEF
000000000000ad70 00000000000000a2 t $s23AstronomyModelPrototype11PilotDeltaTOwst
0000000000014630 00000000000000a3 t $sSTsE8contains5whereS2b7ElementQzKXE_tKFSaySSG_Tg5
0000000000007e40 00000000000000a4 t $s23AstronomyModelPrototype0C4BodyOwst
000000000000af80 00000000000000a4 t $s23AstronomyModelPrototype10PilotErrorOwst
0000000000019160 00000000000000a4 t $s23AstronomySunPilotRunner0D0V8WorkloadV10CodingKeys33_0FF2CF0140E46AF66BC1C95760497CEBLLOwst
00000000000192d0 00000000000000a4 t $s23AstronomySunPilotRunner6SampleV10CodingKeys33_0FF2CF0140E46AF66BC1C95760497CEBLLOwst
0000000000008000 00000000000000b5 t $s23AstronomyModelPrototype18PolynomialMetadataVwca
000000000000d1f0 00000000000000b5 t $s32AstronomyModelPrototypeGenerated0D18PolynomialMetadataVwca
0000000000015420 00000000000000b9 t $ss22__RawDictionaryStorageC4find_9hashValues10_HashTableV6BucketV6bucket_Sb5foundtx_SitSHRzlFSS_Tg5
00000000000075c0 00000000000000bb t $ss32_copyCollectionToContiguousArrayys0dE0Vy7ElementQzGxSlRzlFs0E5SliceVys6UInt64VG_Tg5
0000000000015f90 00000000000000be t $s20FoundationEssentials4DataV15_RepresentationO5countAESi_tcfCTf4nd_n
0000000000015ec0 00000000000000c6 t $s20FoundationEssentials4DataV06InlineC0VyAESWcfCTf4nd_n
0000000000008850 00000000000000c9 T $s23AstronomyModelPrototype0cB4DataO30disabledPolynomialSegmentCountSivgZ
00000000000151e0 00000000000000cb t $s20FoundationEssentials13__DataStorageC22withUnsafeMutableBytes2in5applyxSnySiG_xSwKXEtKlFs16IndexingIteratorVySS8UTF8ViewVG_Sit_Tg5
000000000001a6f0 00000000000000d0 r $s23AstronomySunPilotRunner6SampleV10CodingKeys33_0FF2CF0140E46AF66BC1C95760497CEBLLOMF
000000000001a5dc 00000000000000d0 r $s23AstronomySunPilotRunner6SampleVMF
0000000000005eb0 00000000000000d9 t $s23AstronomyModelPrototype8SunPilotO13earthMetadata_WZ
0000000000014bc0 00000000000000f0 t $s20FoundationEssentials4DataVyACxcSTRzs5UInt8V7ElementRtzlufcAC15_RepresentationOSRyAEGXEfU0_
000000000000aac0 00000000000000f4 t $s23AstronomyModelPrototype9PilotTimeV2ut5modelACSd_AA0D6DeltaTOtcfCTf4nnd_n
0000000000013640 00000000000000f9 t $s23AstronomySunPilotRunner6SampleV10CodingKeys33_0FF2CF0140E46AF66BC1C95760497CEBLLO11stringValueSSvg
0000000000019520 0000000000000104 t $s23AstronomySunPilotRunner0D0V8WorkloadV10CodingKeys33_0FF2CF0140E46AF66BC1C95760497CEBLLO11stringValueAHSgSS_tcfCTf4nd_n
00000000000161f0 0000000000000104 t $sSD17dictionaryLiteralSDyxq_Gx_q_td_tcfCSS_23AstronomySunPilotRunner0F0V8WorkloadVTt0g5Tf4g_n
000000000000c330 0000000000000104 t $sSa15replaceSubrange_4withySnySiG_qd__nt7ElementQyd__RszSlRd__lFs6UInt64V_23AstronomyModelPrototype16PilotOrientationVt_s15EmptyCollectionVyAG_AJtGTg5Tf4ndn_n
000000000000c220 0000000000000109 t $sSa15replaceSubrange_4withySnySiG_qd__nt7ElementQyd__RszSlRd__lFs6UInt64V_23AstronomyModelPrototype10PilotEarthVt_s15EmptyCollectionVyAG_AJtGTg5Tf4ndn_n
000000000000bcf0 000000000000010a t $ss22_ContiguousArrayBufferV20_consumeAndCreateNew14bufferIsUnique15minimumCapacity13growForAppendAByxGSb_SiSbtFs6UInt64V_23AstronomyModelPrototype10PilotEarthVt_Tg5
000000000000bbe0 000000000000010b t $ss22_ContiguousArrayBufferV20_consumeAndCreateNew14bufferIsUnique15minimumCapacity13growForAppendAByxGSb_SiSbtFSd_Tg5
000000000000b9b0 000000000000010b t $ss22_ContiguousArrayBufferV20_consumeAndCreateNew14bufferIsUnique15minimumCapacity13growForAppendAByxGSb_SiSbtFs5Int64V_Tg5
00000000000152b0 0000000000000110 t $ss22_ContiguousArrayBufferV20_consumeAndCreateNew14bufferIsUnique15minimumCapacity13growForAppendAByxGSb_SiSbtFSs_Tg5
000000000000be00 0000000000000110 t $ss22_ContiguousArrayBufferV20_consumeAndCreateNew14bufferIsUnique15minimumCapacity13growForAppendAByxGSb_SiSbtFs6UInt64V_23AstronomyModelPrototype16PilotOrientationVt_Tg5
0000000000d998d8 0000000000000110 b _ZN12_GLOBAL__N_18sectionsE
000000000000bac0 0000000000000111 t $ss22_ContiguousArrayBufferV20_consumeAndCreateNew14bufferIsUnique15minimumCapacity13growForAppendAByxGSb_SiSbtF23AstronomyModelPrototype16PilotOrientationV4TermV_Tg5
0000000000008470 0000000000000117 T $s23AstronomyModelPrototype0cB4DataO10vsopSeriesSayAA18VSOPSeriesMetadataVGvgZ
000000000000b770 000000000000011e t $ss22_ContiguousArrayBufferV20_consumeAndCreateNew14bufferIsUnique15minimumCapacity13growForAppendAByxGSb_SiSbtF23AstronomyModelPrototype18VSOPSeriesMetadataV_Tg5
000000000000b890 000000000000011e t $ss22_ContiguousArrayBufferV20_consumeAndCreateNew14bufferIsUnique15minimumCapacity13growForAppendAByxGSb_SiSbtF23AstronomyModelPrototype8SunPilotO4TermV_Tg5
0000000000014330 0000000000000126 t $s23AstronomySunPilotRunner0D0V8WorkloadV6encode2toys7Encoder_p_tKF
000000000000b640 0000000000000126 t $ss22_ContiguousArrayBufferV20_consumeAndCreateNew14bufferIsUnique15minimumCapacity13growForAppendAByxGSb_SiSbtF23AstronomyModelPrototype18PolynomialMetadataV_Tg5
0000000000009300 0000000000000150 t $s23AstronomyModelPrototype16PilotOrientationV8sidereal4timeSdAA0D4TimeV_tF
0000000000018b20 0000000000000159 t $s23AstronomySunPilotRunner6SampleVwcp
0000000000019c60 000000000000015e t $s22AstronomyVSOPPrototype15decodeModelBits_5countSays6UInt64VGs12StaticStringV_SitFAFSRys5UInt8VGXEfU_ySryAEGz_SiztXEfU_Tf4nnnx_n
000000000000f490 000000000000015e t $s32AstronomyPolynomialMarsPrototype15decodeModelBits_5countSays6UInt64VGs12StaticStringV_SitFAFSRys5UInt8VGXEfU_ySryAEGz_SiztXEfU_Tf4nnnx_n
000000000000d850 000000000000015e t $s33AstronomyPolynomialEarthPrototype15decodeModelBits_5countSays6UInt64VGs12StaticStringV_SitFAFSRys5UInt8VGXEfU_ySryAEGz_SiztXEfU_Tf4nnnx_n
0000000000012f30 000000000000015e t $s33AstronomyPolynomialVenusPrototype15decodeModelBits_5countSays6UInt64VGs12StaticStringV_SitFAFSRys5UInt8VGXEfU_ySryAEGz_SiztXEfU_Tf4nnnx_n
0000000000011c60 000000000000015e t $s34AstronomyPolynomialSaturnPrototype15decodeModelBits_5countSays6UInt64VGs12StaticStringV_SitFAFSRys5UInt8VGXEfU_ySryAEGz_SiztXEfU_Tf4nnnx_n
00000000000127f0 000000000000015e t $s34AstronomyPolynomialUranusPrototype15decodeModelBits_5countSays6UInt64VGs12StaticStringV_SitFAFSRys5UInt8VGXEfU_ySryAEGz_SiztXEfU_Tf4nnnx_n
000000000000ed50 000000000000015e t $s35AstronomyPolynomialJupiterPrototype15decodeModelBits_5countSays6UInt64VGs12StaticStringV_SitFAFSRys5UInt8VGXEfU_ySryAEGz_SiztXEfU_Tf4nnnx_n
000000000000fbd0 000000000000015e t $s35AstronomyPolynomialMercuryPrototype15decodeModelBits_5countSays6UInt64VGs12StaticStringV_SitFAFSRys5UInt8VGXEfU_ySryAEGz_SiztXEfU_Tf4nnnx_n
00000000000110d0 000000000000015e t $s35AstronomyPolynomialNeptunePrototype15decodeModelBits_5countSays6UInt64VGs12StaticStringV_SitFAFSRys5UInt8VGXEfU_ySryAEGz_SiztXEfU_Tf4nnnx_n
000000000000b4e0 0000000000000160 t $s23AstronomyModelPrototype14PilotEvaluatorV11orientation2ttAA0D11OrientationVSd_tF
000000000000d670 000000000000016c t $s26AstronomyNutationPrototype15decodeModelBits_5countSays6UInt64VGs12StaticStringV_SitFAFSRys5UInt8VGXEfU_ySryAEGz_SiztXEfU_Tf4nnnx_n
0000000000018e10 000000000000016e t $s23AstronomySunPilotRunner6SampleVwta
0000000000018c80 000000000000017f t $s23AstronomySunPilotRunner6SampleVwca
000000000000f650 0000000000000187 T $s32AstronomyPolynomialMarsPrototype010polynomialC10BitPattern2ats6UInt64VSgSi_tF
00000000000130f0 0000000000000187 T $s33AstronomyPolynomialVenusPrototype010polynomialC10BitPattern2ats6UInt64VSgSi_tF
00000000000129b0 0000000000000187 T $s34AstronomyPolynomialUranusPrototype010polynomialC10BitPattern2ats6UInt64VSgSi_tF
000000000000ef10 0000000000000187 T $s35AstronomyPolynomialJupiterPrototype010polynomialC10BitPattern2ats6UInt64VSgSi_tF
00000000000154e0 000000000000018d t $ss17_NativeDictionaryV4copyyyFSS_23AstronomySunPilotRunner0G0V8WorkloadVTg5
000000000000b320 00000000000001b2 t $s23AstronomyModelPrototype14PilotEvaluatorV5earth2ttAA0D5EarthVSd_tKF
0000000000007740 00000000000001b7 t $s23AstronomyModelPrototype0cB4DataO18polynomialMetadataSayAA010PolynomialF0VGvgZTf4d_n
0000000000019dd0 00000000000001c3 T $s22AstronomyVSOPPrototype18vsopTermBitPattern2ats6UInt64VSgSi_tF
0000000000005c90 0000000000000211 t _ZL23swift_image_constructorv
0000000000011e20 00000000000002b3 T $s34AstronomyPolynomialSaturnPrototype010polynomialC10BitPattern2ats6UInt64VSgSi_tF
0000000000011290 00000000000002b3 T $s35AstronomyPolynomialNeptunePrototype010polynomialC10BitPattern2ats6UInt64VSgSi_tF
0000000000023c90 00000000000002c0 d _DYNAMIC
0000000000009030 00000000000002cb t $s23AstronomyModelPrototype16PilotOrientationV4rows_WZ
00000000000079e0 00000000000002eb t $s23AstronomyModelPrototype0cB4DataO11nutationRow2atAA08NutationF0VSgSi_tFZTf4nd_n
0000000000023fe8 0000000000000300 d _GLOBAL_OFFSET_TABLE_
0000000000009450 0000000000000303 t $s23AstronomyModelPrototype16PilotOrientationV10precession2ttAA0D6MatrixVSd_tFZTf4nd_n
0000000000015670 000000000000030c t $ss17_NativeDictionaryV20_copyOrMoveAndResize8capacity12moveElementsySi_SbtFSS_23AstronomySunPilotRunner0N0V8WorkloadVTg5
0000000000024458 0000000000000328 d $s32AstronomyModelPrototypeGenerated27generatedPolynomialMetadata_WZTv_
00000000000137d0 00000000000003bf t $s23AstronomySunPilotRunner6SampleV6encode2toys7Encoder_p_tKF
0000000000015a90 0000000000000423 t $s23AstronomySunPilotRunner6SampleV10CodingKeys33_0FF2CF0140E46AF66BC1C95760497CEBLLO11stringValueAFSgSS_tcfCTf4nd_n
0000000000014cb0 000000000000043f t $s20FoundationEssentials4DataV15_RepresentationO22withUnsafeMutableBytesyxxSwKXEKlFs16IndexingIteratorVySS8UTF8ViewVG_Sit_Tg5
00000000000146e0 00000000000004d1 t $sSlsE5split9maxSplits25omittingEmptySubsequences14whereSeparatorSay11SubSequenceQzGSi_S2b7ElementQzKXEtKFSS_Tg5
0000000000005f90 0000000000000508 t $s23AstronomyModelPrototype8SunPilotO11earthSeries_WZ
000000000000da10 000000000000054b T $s33AstronomyPolynomialEarthPrototype010polynomialC10BitPattern2ats6UInt64VSgSi_tF
000000000000fd90 000000000000054b T $s35AstronomyPolynomialMercuryPrototype010polynomialC10BitPattern2ats6UInt64VSgSi_tF
0000000000006c00 000000000000059d t $s23AstronomyModelPrototype8SunPilotO5earth2tt15forceFullSeries04fullJ14AmplitudeScaleAA0E5EarthVSd_SbSdtKFZTf4nnnd_n
000000000000a4a0 00000000000005d5 t $s23AstronomyModelPrototype11PilotDeltaTO12espenakMeeus2utS2d_tFZTf4nd_n
0000000000008930 00000000000005f5 T $s23AstronomyModelPrototype0cB4DataO05wholeB5FNV64s6UInt64VyFZ
0000000000016300 0000000000000609 t $s23AstronomySunPilotRunner0D0V11performanceyyKFZTf4d_n
0000000000009760 0000000000000685 t $s23AstronomyModelPrototype16PilotOrientationV2ttACSd_tcfCTf4nd_n
00000000000064a0 000000000000075b t $s23AstronomyModelPrototype8SunPilotO9fullEarth2tt14amplitudeScaleAA0E6VectorVSd_SdtFZTf4nnd_n
0000000000013ba0 000000000000078b t $s20FoundationEssentials4DataVyACxcSTRzs5UInt8V7ElementRtzlufCSS8UTF8ViewV_Tt0g5
00000000000274c0 0000000000000920 d $s32AstronomyPolynomialMarsPrototype010polynomialC8Validity_WZTv_
000000000002cf60 0000000000000920 d $s33AstronomyPolynomialVenusPrototype010polynomialC8Validity_WZTv_
000000000002c638 0000000000000920 d $s34AstronomyPolynomialUranusPrototype010polynomialC8Validity_WZTv_
0000000000026b98 0000000000000920 d $s35AstronomyPolynomialJupiterPrototype010polynomialC8Validity_WZTv_
0000000000016910 0000000000000a05 t $s23AstronomySunPilotRunner0D0V8rssStageyySSKFZTf4nd_n
000000000000c610 0000000000000a96 T $s23AstronomyModelPrototype14PilotEvaluatorV7observe4time8observerAA0D11ObservationVAA0D4TimeV_AA0D8ObserverVtKF
000000000002b418 0000000000001218 d $s34AstronomyPolynomialSaturnPrototype010polynomialC8Validity_WZTv_
000000000002a1f8 0000000000001218 d $s35AstronomyPolynomialNeptunePrototype010polynomialC8Validity_WZTv_
0000000000017390 00000000000012c4 t $s23AstronomySunPilotRunner0D0V4mainyyKFZTf4d_n
000000000002da40 0000000000001540 d $s22AstronomyVSOPPrototype19generatedVSOPSeries_WZTv_
0000000000024788 0000000000002408 d $s33AstronomyPolynomialEarthPrototype010polynomialC8Validity_WZTv_
0000000000027de8 0000000000002408 d $s35AstronomyPolynomialMercuryPrototype010polynomialC8Validity_WZTv_
